0,1,0.769,0.8396399999999999,0.10678,0.73663
1,1,0.8356600000000001,0.8209799999999999,0.1218,0.6443300000000001
2,1,0.78663,0.41665,0.31061,0.78695
3,1,0.7571100000000001,0.8717,0.054921000000000005,0.45043999999999995
4,1,0.53158,0.34865999999999997,0.42466000000000004,0.6873600000000001
5,1,0.82286,0.8772700000000001,0.0571,0.48971000000000003
6,1,0.76681,0.6281100000000001,0.25911999999999996,0.82857
7,1,0.65871,0.26055,0.59231,0.7225199999999999
8,1,0.73883,0.7308600000000001,0.19526,0.72158
9,1,0.61857,0.85877,0.12985,0.71041
10,1,0.59615,0.84383,0.13235999999999998,0.70394
11,1,0.79556,0.41408999999999996,0.33087,0.8557299999999999
12,1,0.6448,0.80209,0.23435,0.49441
13,1,0.39413000000000004,0.9211,0.3374,0.5102899999999999
14,1,0.75331,0.8418899999999999,0.098848,0.72522
15,1,0.8450799999999999,0.38854,0.37804,0.91158
16,1,0.70052,0.6300399999999999,0.24372,0.83057
17,1,0.5657800000000001,0.6219100000000001,0.41484,0.8319799999999999
18,1,0.61225,0.33279000000000003,0.58711,0.58554
19,1,0.8858799999999999,0.92799,0.040195999999999996,0.40435
20,1,0.92514,0.81061,0.11487,0.73298
21,1,0.53158,0.34865999999999997,0.42466000000000004,0.6873600000000001
22,1,0.79169,0.8956200000000001,0.06300599999999999,0.41200000000000003
23,1,0.5753199999999999,0.84785,0.15521,0.62634
24,1,0.82758,0.88533,0.026131,0.43645
25,1,0.5587300000000001,0.30964,0.58685,0.51617
26,1,0.59028,0.37538,0.46798999999999996,0.71946
27,1,0.48028000000000004,0.82935,0.32087,0.43716000000000005
28,1,0.98114,0.88277,0.037685,0.48396000000000006
29,1,0.8605200000000001,0.3897,0.37505,0.8764299999999999
30,1,0.48994,0.50871,0.43909,0.7913
31,1,0.61517,0.6511,0.37022,0.82175
32,1,0.8177,0.8003899999999999,0.12487000000000001,0.68983
33,1,0.43823999999999996,0.8675200000000001,0.30226,0.3351
34,1,0.39128,0.54564,0.57936,0.83257
35,1,0.6837300000000001,0.75641,0.19293,0.7144
36,1,0.7016899999999999,0.74061,0.20761999999999997,0.71429
37,1,0.76953,0.5458,0.29784,0.8478600000000001
38,1,0.83725,0.63484,0.13702,0.80423
39,1,0.75883,0.87836,0.065996,0.46466999999999997
40,1,0.8086300000000001,0.84173,0.09751699999999999,0.7229899999999999
41,1,0.49296999999999996,0.8604,0.068137,0.15802
42,1,0.50734,0.8631,0.20995,0.5987100000000001
43,1,0.57738,0.73388,0.32781,0.7833100000000001
44,1,0.7138,0.77422,0.19352,0.8212799999999999
45,1,0.45109,0.8733299999999999,0.064592,0.095002
46,1,0.65814,0.7633,0.24856,0.57601
47,1,0.45109,0.8733299999999999,0.064592,0.095002
48,1,0.78982,0.74231,0.12203,0.71523
49,1,0.62573,0.6383300000000001,0.35158,0.7851899999999999
50,1,0.81965,0.33264,0.37572,0.72475
51,1,0.8873,0.66442,0.16063,0.8691399999999999
52,1,0.73465,0.73333,0.20556,0.64139
53,1,0.69165,0.74549,0.17772000000000002,0.66478
54,1,0.8631,0.72102,0.12099000000000001,0.73122
55,1,0.8558899999999999,0.5454100000000001,0.29824,0.88525
56,1,0.6927,0.76895,0.20102,0.81235
57,1,0.9266,0.7028300000000001,0.13129000000000002,0.81717
58,1,0.73411,0.36159,0.42458999999999997,0.86726
59,1,0.45138,0.9404600000000001,0.2115,0.13627
60,1,0.7161,0.53209,0.42548,0.7550899999999999
61,1,0.54365,0.72218,0.30433000000000004,0.73439
62,1,0.81494,0.93806,0.051341,0.38213
63,1,0.6372,0.47356000000000004,0.29429,0.75356
64,1,0.8974,0.63151,0.17802,0.91958
65,1,0.69077,0.6126199999999999,0.31790999999999997,0.7955300000000001
66,1,0.83995,0.36283000000000004,0.34656,0.80635
67,1,0.6826,0.8720899999999999,0.095083,0.52498
68,1,0.58001,0.80666,0.21556,0.53533
69,1,0.51672,0.85157,0.18742999999999999,0.55603
70,1,0.7929,0.42726000000000003,0.33021,0.8211700000000001
71,1,0.80619,0.5338,0.2748,0.94345
72,1,0.84808,0.89013,0.057616999999999995,0.42645
73,1,0.8082199999999999,0.38629,0.38465,0.8761899999999999
74,1,0.8256399999999999,0.9235,0.030525,0.37472
75,1,0.6741699999999999,0.6477,0.25251,0.8154100000000001
76,1,0.7814,0.81417,0.11797,0.60705
77,1,0.5113800000000001,0.74526,0.30451999999999996,0.7117
78,1,0.52574,0.8013899999999999,0.2703,0.6978300000000001
79,1,0.58945,0.66372,0.37409000000000003,0.8539700000000001
80,1,0.70999,0.85536,0.08267999999999999,0.6843100000000001
81,1,0.83006,0.6010800000000001,0.26897,0.8527899999999999
82,1,0.86974,0.83709,0.10117000000000001,0.66079
83,1,0.6424300000000001,0.80635,0.21744000000000002,0.5078199999999999
84,1,0.74185,0.76345,0.20039,0.8563200000000001
85,1,0.79843,0.61549,0.26247,0.84245
86,1,0.42625,0.5866,0.5522600000000001,0.8702
87,1,0.57101,0.7703399999999999,0.26399,0.76167
88,1,0.80492,0.41076,0.31692,0.83857
89,1,0.7820600000000001,0.54588,0.31836,0.8704299999999999
90,1,0.61461,0.80116,0.10762999999999999,0.68324
91,1,0.80085,0.6494800000000001,0.25897,0.81317
92,1,0.81839,0.8224600000000001,0.10786,0.6469199999999999
93,1,0.6844100000000001,0.27898,0.57076,0.7959999999999999
94,1,0.74378,0.58211,0.31887,0.83304
95,1,0.46134,0.34301,0.58729,0.53087
96,1,0.72088,0.5556300000000001,0.25554,0.85856
97,1,0.66372,0.25791,0.5788800000000001,0.7699
98,1,0.7833100000000001,0.9242799999999999,0.054921000000000005,0.32005
99,1,0.31011,0.9420799999999999,0.33710999999999997,0.26996
100,1,0.75064,0.32133,0.38683,0.67337
101,1,0.83665,0.42478,0.3415,0.9242799999999999
102,1,0.87655,0.49671000000000004,0.2548,0.8790100000000001
103,1,0.74867,0.3427,0.39926999999999996,0.75568
104,1,0.81091,0.52389,0.26911999999999997,0.8657299999999999
105,1,0.76339,0.56175,0.31374,0.97319
106,1,0.6746800000000001,0.9144399999999999,0.07570199999999999,0.3438
107,1,0.37382,0.81045,0.15602,0.61011
108,1,0.73182,0.8724,0.044478,0.41329
109,1,0.71814,0.92064,0.083675,0.40247
110,1,0.79573,0.3482,0.38842,0.76731
111,1,0.6173,0.72845,0.2318,0.77484
112,1,0.7411300000000001,0.87635,0.089547,0.54133
113,1,0.81207,0.77042,0.17256,0.84645
114,1,0.63634,0.77422,0.17282,0.63398
115,1,0.6905100000000001,0.62439,0.19230999999999998,0.7661399999999999
116,1,0.78886,0.79288,0.14912,0.79001
117,1,0.65985,0.76965,0.22036,0.8218700000000001
118,1,0.7167399999999999,0.54185,0.32637,0.9469700000000001
119,1,0.5748800000000001,0.37329,0.42773,0.75038
120,1,0.75765,0.9152899999999999,0.080944,0.40365
121,1,0.80143,0.90461,0.047985,0.34462
122,1,0.40275,0.8566799999999999,0.30278,0.31135
123,1,0.39912,0.5873,0.5355800000000001,0.8583200000000001
124,1,0.44168999999999997,0.88912,0.27857,0.30205
125,1,0.72375,0.78482,0.17536,0.80647
126,1,0.33887,1.0,0.3711,0.23692
127,1,0.78056,0.40743,0.32489,0.7629600000000001
128,1,0.8445299999999999,0.56438,0.2301,0.95085
129,1,0.7578,0.55695,0.30278,0.8990100000000001
130,1,0.74363,0.35291999999999996,0.38661,0.75015
131,1,0.8778,0.8398,0.10315999999999999,0.6401
132,1,0.6530699999999999,0.7451800000000001,0.24406,0.82904
133,1,0.53913,0.72265,0.31529,0.74051
134,1,0.43283,0.86706,0.26476,0.2923
135,1,0.80787,0.93519,0.072049,0.40610999999999997
136,1,0.89999,0.86961,0.014836000000000002,0.42081999999999997
137,1,0.87071,0.8223,0.11460999999999999,0.68324
138,1,0.88584,0.9097200000000001,0.050345999999999995,0.38813000000000003
139,1,0.49296999999999996,0.8604,0.068137,0.15802
140,1,0.65863,0.5506800000000001,0.42377,0.8894799999999999
141,1,0.63272,0.50236,0.40824,0.68713
142,1,0.80881,0.6401100000000001,0.16635999999999998,0.8322200000000001
143,1,0.79075,0.39388,0.37668,0.8533799999999999
144,1,0.7853399999999999,0.89531,0.061602,0.3933
145,1,0.5453,0.39326,0.36080999999999996,0.68772
146,1,0.78608,0.54472,0.27525,0.9319200000000001
147,1,0.6340100000000001,0.50879,0.45098,0.8947700000000001
148,1,0.76944,0.55215,0.25738,0.8349200000000001
149,1,0.70536,0.79233,0.2308,0.5472100000000001
150,1,0.83557,0.8232299999999999,0.12361,0.6329199999999999
151,1,0.38092,0.96144,0.34298,0.47502
152,1,0.87339,0.5233399999999999,0.23645,0.88725
153,1,0.75729,0.93116,0.046619,0.31417
154,1,0.6474300000000001,0.82091,0.22671,0.5719
155,1,0.68711,0.47813,0.45776999999999995,0.7632
156,1,0.6825399999999999,0.34417,0.4839,0.79683
157,1,0.7925300000000001,0.37422,0.35191,0.7790699999999999
158,1,0.67106,0.3475,0.3852,0.72158
159,1,0.6056699999999999,0.67387,0.31965,0.80647
160,1,0.8716700000000001,0.66117,0.1661,0.8557299999999999
161,1,0.76383,0.8377899999999999,0.08644500000000001,0.66808
162,1,0.5203399999999999,0.80984,0.23929,0.43281000000000003
163,1,0.68097,0.8655799999999999,0.083124,0.47243
164,1,0.8601200000000001,0.57522,0.2277,0.9264
165,1,0.81019,0.39311,0.33903,0.79706
166,1,0.58836,0.8390299999999999,0.18625,0.61258
167,1,0.5816399999999999,0.7736,0.14129,0.53063
168,1,0.37781,0.9599700000000001,0.31585,0.29783000000000004
169,1,0.5163,0.75021,0.16097,0.5522600000000001
170,1,0.54898,0.51444,0.28121999999999997,0.72616
171,1,0.80027,0.42338000000000003,0.32595999999999997,0.8711399999999999
172,1,0.38559,0.55525,0.60807,0.86361
173,1,0.42712,0.91676,0.31790999999999997,0.26349
174,1,0.6434,0.60782,0.33512,0.81153
175,1,0.76622,0.37329,0.37587,0.7659
176,1,0.5216,0.8569899999999999,0.06725,0.24785
177,1,0.77164,0.72815,0.15381,0.75568
178,1,0.49836,0.44886000000000004,0.58663,0.80929
179,1,0.68037,0.882,0.096926,0.52064
180,1,0.62629,0.6281800000000001,0.23756,0.7639100000000001
181,1,0.49933999999999995,0.45629,0.5736399999999999,0.77472
182,1,0.45766,0.8377899999999999,0.30706,0.38365
183,1,0.72,0.79265,0.18563,0.69689
184,1,0.38121,0.9623700000000001,0.36103,0.33192
185,1,0.41743,0.9224899999999999,0.3109,0.38413
186,1,0.74282,0.34843,0.39152,0.76355
187,1,0.6399100000000001,0.75362,0.22615,0.78178
188,1,0.8370000000000001,0.37963,0.35128000000000004,0.80247
189,1,0.70518,0.32706,0.51465,0.72463
190,1,0.5748800000000001,0.37329,0.42773,0.75038
191,1,0.79386,0.89586,0.050531,0.35849000000000003
192,1,0.6129600000000001,0.5121899999999999,0.40771999999999997,0.83104
193,1,0.8559399999999999,0.6302,0.25727,0.8506799999999999
194,1,0.33902,0.97855,0.25805,0.08770900000000001
195,1,0.37382,0.81045,0.15602,0.61011
196,1,0.80678,0.78692,0.14520999999999998,0.6990000000000001
197,1,0.64598,0.74293,0.23793000000000003,0.59436
198,1,0.79784,0.43337,0.3339,0.8810100000000001
199,1,0.9323100000000001,0.73519,0.10638,0.7499100000000001
200,1,0.35714,0.92048,0.32939,0.46631999999999996
201,1,0.79648,0.38088,0.38095999999999997,0.80165
202,1,0.45109,0.8733299999999999,0.064592,0.095002
203,1,0.80896,0.8993399999999999,0.061640999999999994,0.38577
204,1,0.5679,0.79752,0.25572,0.69312
205,1,0.85454,0.59891,0.21636999999999998,0.9185200000000001
206,1,0.89049,0.7125100000000001,0.1032,0.72934
207,1,0.69248,0.86218,0.073009,0.6539699999999999
208,1,0.6597,0.79992,0.20714000000000002,0.60941
209,1,0.66447,0.48773,0.46323000000000003,0.7114699999999999
210,1,0.8172,0.8589200000000001,0.029267,0.38389
211,1,0.76136,0.8966299999999999,0.043518,0.32463000000000003
212,1,0.69634,0.81502,0.067215,0.6584399999999999
213,1,0.55694,0.6024,0.43917,0.8272799999999999
214,1,0.8104399999999999,0.54324,0.26358000000000004,0.8457399999999999
215,1,0.94715,0.6264,0.17056,0.9095799999999999
216,1,0.60327,0.63872,0.23789000000000002,0.76637
217,1,0.60349,0.55401,0.47139,0.73968
218,1,0.49577,0.80078,0.27967,0.44773999999999997
219,1,0.41408999999999996,0.8995799999999999,0.10051,0.24409
220,1,0.3473,0.98459,0.35453,0.45668000000000003
221,1,0.6823199999999999,0.75734,0.19510999999999998,0.7979999999999999
222,1,0.58707,0.5393,0.48571000000000003,0.72428
223,1,0.84291,0.90948,0.030194,0.39483
224,1,0.48185,0.66938,0.36188000000000003,0.74345
225,1,0.60564,0.63562,0.41496000000000005,0.8488
226,1,0.54898,0.51444,0.28121999999999997,0.72616
227,1,0.31688,0.8947,0.17038,0.27983
228,1,0.73297,0.39799,0.31068,0.74321
229,1,0.9040600000000001,0.57329,0.22951,0.95262
230,1,0.41128000000000003,0.57344,0.53274,0.8710200000000001
231,1,0.33937,0.96291,0.36055,0.2823
232,1,0.67078,0.51413,0.43171000000000004,0.75203
233,1,0.54166,0.49168,0.54584,0.81047
234,1,0.70468,0.6227600000000001,0.24974000000000002,0.8236399999999999
235,1,0.65542,0.59133,0.32145999999999997,0.76967
236,1,0.41211000000000003,0.87077,0.33286,0.29818
237,1,0.7884,0.43483999999999995,0.34102,0.8777200000000001
238,1,0.79625,0.5492100000000001,0.27809,0.9308700000000001
239,1,0.68056,0.87116,0.09080099999999999,0.50371
240,1,0.74368,0.77476,0.18267,0.7985899999999999
241,1,0.40736999999999995,0.57398,0.55245,0.84856
242,1,0.62615,0.6481600000000001,0.28786999999999996,0.74415
243,1,0.70791,0.7719699999999999,0.18175,0.78413
244,1,0.68298,0.8664299999999999,0.087811,0.64503
245,1,0.8116800000000001,0.41036999999999996,0.31437,0.83857
246,1,0.62662,0.53341,0.43212,0.88866
247,1,0.65637,0.4782,0.45224,0.75062
248,1,0.53522,0.54193,0.26034,0.7368600000000001
249,1,0.58092,0.83175,0.15569000000000002,0.588
250,1,0.8373299999999999,0.34865999999999997,0.36457,0.77766
251,1,0.54927,0.89369,0.15484,0.3779
252,1,0.54919,0.85939,0.18854,0.60705
253,1,0.8890899999999999,0.6372399999999999,0.16860999999999998,0.8833700000000001
254,1,0.79703,0.9141299999999999,0.049424,0.31676
255,1,0.80657,0.3777,0.39261999999999997,0.9254600000000001
256,1,0.7309100000000001,0.40619,0.32349,0.7975300000000001
257,1,0.66673,0.73968,0.25055,0.85456
258,1,0.77783,0.5451,0.26900999999999997,0.8689
259,1,0.72655,0.60124,0.31876,0.80917
260,1,0.77993,0.7850600000000001,0.15528,0.69112
261,1,0.73541,0.62354,0.25343000000000004,0.84985
262,1,0.63846,0.8,0.18555,0.55297
263,1,0.86754,0.78498,0.086221,0.67172
264,1,0.68689,0.7629100000000001,0.19355999999999998,0.69465
265,1,0.62279,0.6914399999999999,0.28698,0.78472
266,1,0.50667,0.8801399999999999,0.23435,0.63057
267,1,0.78545,0.88184,0.048907,0.3719
268,1,0.5748800000000001,0.37329,0.42773,0.75038
269,1,0.86366,0.6055699999999999,0.22014,0.9249799999999999
270,1,0.78488,0.89036,0.043776,0.33028
271,1,0.89664,0.88935,0.06367,0.47136999999999996
272,1,0.8256600000000001,0.51274,0.31567,0.8801899999999999
273,1,0.70215,0.76973,0.21036,0.81811
274,1,0.88828,0.52056,0.23295,0.88125
275,1,0.75527,0.74975,0.14365999999999998,0.74439
276,1,0.80004,0.50918,0.24727,0.8238700000000001
277,1,0.60618,0.33666,0.59036,0.606
278,1,0.5724199999999999,0.80635,0.10937000000000001,0.6013
279,1,0.64676,0.80558,0.22046999999999997,0.49748000000000003
280,1,0.5229600000000001,0.4981,0.56057,0.8599700000000001
281,1,0.8012,0.4055,0.32245,0.82281
282,1,0.71531,0.36345,0.38391,0.74768
283,1,0.53108,0.48176,0.57615,0.84021
284,1,0.41408999999999996,0.8995799999999999,0.10051,0.24409
285,1,0.6358199999999999,0.27464,0.57881,0.6955899999999999
286,1,0.6046100000000001,0.3499,0.57622,0.61952
287,1,0.57245,0.9100299999999999,0.16665,0.41058999999999996
288,1,0.53966,0.62571,0.41391999999999995,0.8423299999999999
289,1,0.74164,0.74836,0.23298000000000002,0.64574
290,1,0.69301,0.64684,0.25417,0.74027
291,1,0.34808,0.96299,0.2311,0.069369
292,1,0.80602,0.74433,0.12305999999999999,0.75944
293,1,0.6473,0.51537,0.43518,0.74639
294,1,0.68861,0.5587300000000001,0.39679000000000003,0.78871
295,1,0.66262,0.7428600000000001,0.20282999999999998,0.57448
296,1,0.51158,0.77925,0.13923,0.49078
297,1,0.59946,0.81603,0.21925,0.57825
298,1,0.59026,0.54657,0.46271999999999996,0.72546
299,1,0.67318,0.8535799999999999,0.08806900000000001,0.65915
300,1,0.53158,0.34865999999999997,0.42466000000000004,0.6873600000000001
301,1,0.72215,0.7712,0.21608000000000002,0.8421
302,1,0.62934,0.8427399999999999,0.17326,0.6512600000000001
303,1,0.36954000000000004,0.9527700000000001,0.33737,0.47936000000000006
304,1,0.67895,0.9072399999999999,0.098107,0.48618
305,1,0.5820000000000001,0.88084,0.16876,0.6149399999999999
306,1,0.52763,0.8603200000000001,0.086148,0.33674
307,1,0.62345,0.33626999999999996,0.5947100000000001,0.58448
308,1,0.8407100000000001,0.89625,0.045989999999999996,0.37496
309,1,0.81416,0.80333,0.10840999999999999,0.67937
310,1,0.79784,0.41431999999999997,0.33523000000000003,0.81058
311,1,0.87055,0.32938,0.3786,0.75568
312,1,0.62251,0.60124,0.3673,0.79401
313,1,0.66125,0.70972,0.1503,0.6703100000000001
314,1,0.59301,0.82911,0.13912,0.69512
315,1,0.53158,0.34865999999999997,0.42466000000000004,0.6873600000000001
316,1,0.92143,0.71297,0.13037,0.78413
317,1,0.7005100000000001,0.72706,0.25915,0.64186
318,1,0.6217699999999999,0.33921999999999997,0.56884,0.63645
319,1,0.7205600000000001,0.59954,0.28569,0.7739
320,1,0.5453,0.39326,0.36080999999999996,0.68772
321,1,0.7772,0.87425,0.059573,0.47278000000000003
322,1,0.38276,0.59086,0.56208,0.8623200000000001
323,1,0.78793,0.89059,0.058427,0.40610999999999997
324,1,0.7620899999999999,0.5633699999999999,0.31075,0.94086
325,1,0.8291,0.60883,0.27214,0.8653799999999999
326,1,0.49622,0.27355999999999997,0.5877399999999999,0.6389199999999999
327,1,0.8119,0.8693799999999999,0.015392,0.30112
328,1,0.7613300000000001,0.77065,0.19869,0.73463
329,1,0.63034,0.62424,0.35283000000000003,0.7873
330,1,0.58433,0.6072,0.33621999999999996,0.76179
331,1,0.6551,0.5619,0.40938,0.8595
332,1,0.76452,0.5643100000000001,0.28333,0.92781
333,1,0.72424,0.73287,0.13163,0.7167600000000001
334,1,0.7912,0.56817,0.30559000000000003,0.8589100000000001
335,1,0.75783,0.36299000000000003,0.41245,0.91746
336,1,0.79384,0.6621,0.25811999999999996,0.80788
337,1,0.58133,0.60255,0.44023999999999996,0.8526799999999999
338,1,0.57736,0.72551,0.32308000000000003,0.7659
339,1,0.63912,0.76818,0.22815,0.81317
340,1,0.86785,0.8096800000000001,0.12642,0.71182
341,1,0.42271000000000003,0.9460299999999999,0.23442,0.1572
342,1,0.79866,0.52404,0.26609,0.8847799999999999
343,1,0.5554399999999999,0.90407,0.16727999999999998,0.42128000000000004
344,1,0.76732,0.7821899999999999,0.17156,0.7965899999999999
345,1,0.37382,0.81045,0.15602,0.61011
346,1,0.8033,0.53295,0.29953,0.86056
347,1,0.74797,0.54952,0.29581,0.81305
348,1,0.73202,0.6318199999999999,0.26255,0.8167
349,1,0.19876,0.8343,0.36295,0.69395
350,1,0.41748999999999997,0.89717,0.32156999999999997,0.26773
351,1,0.5453,0.39326,0.36080999999999996,0.68772
352,1,0.53158,0.34865999999999997,0.42466000000000004,0.6873600000000001
353,1,0.57192,0.71537,0.31581,0.75967
354,1,0.76354,0.86605,0.053890999999999994,0.41752
355,1,0.49221000000000004,0.81595,0.30891,0.42399
356,1,0.70403,0.85521,0.08507999999999999,0.68924
357,1,0.73897,0.8405,0.10265,0.70617
358,1,0.70194,0.92009,0.08555800000000001,0.3873
359,1,0.34023000000000003,0.94634,0.30625,0.28853
360,1,0.7037,0.35819,0.40828000000000003,0.79271
361,1,0.75193,0.63763,0.2669,0.8001199999999999
362,1,0.63369,0.69508,0.31766,0.8342200000000001
363,1,0.71012,0.53697,0.28555,0.88759
364,1,0.9248200000000001,0.72412,0.12395,0.7721399999999999
365,1,0.7890699999999999,0.58025,0.29669,0.86526
366,1,0.7616,0.7523,0.15108,0.7754300000000001
367,1,0.7407199999999999,0.80496,0.21143,0.54627
368,1,0.76013,0.63376,0.23749,0.76226
369,1,0.6661100000000001,0.56694,0.27760999999999997,0.85526
370,1,0.67028,0.8881899999999999,0.090947,0.505
371,1,0.8073199999999999,0.3681,0.35106,0.77566
372,1,0.56142,0.93334,0.16817000000000001,0.40694
373,1,0.64561,0.84731,0.12697,0.70853
374,1,0.39926999999999996,0.518,0.52358,0.73122
375,1,0.5502600000000001,0.9184700000000001,0.16791,0.38377
376,1,0.74079,0.80867,0.075443,0.66678
377,1,0.36417,0.95145,0.34206,0.30346999999999996
378,1,0.71353,0.8525,0.06569900000000001,0.47384
379,1,0.81628,0.60875,0.24863000000000002,0.81011
380,1,0.6167199999999999,0.51684,0.49623,0.74968
381,1,0.89861,0.8950100000000001,0.051785000000000005,0.44092
382,1,0.57,0.61626,0.41256000000000004,0.82704
383,1,0.78271,0.8950100000000001,0.053409000000000005,0.36238000000000004
384,1,0.5473399999999999,0.9036,0.16122999999999998,0.39871
385,1,0.67888,0.79566,0.22841,0.61893
386,1,0.32789,0.93248,0.31109000000000003,0.46231000000000005
387,1,0.84216,0.4158,0.34988,0.8863
388,1,0.34538,0.9468799999999999,0.33929000000000004,0.4796
389,1,0.78174,0.90538,0.048501999999999997,0.3251
390,1,0.48167,0.82555,0.14495,0.47418999999999994
391,1,0.6611899999999999,0.77275,0.24700999999999998,0.57519
392,1,0.57038,0.72358,0.29994,0.76202
393,1,0.78065,0.8915200000000001,0.060275,0.43751
394,1,0.34469,0.9688,0.24014000000000002,0.07184199999999999
395,1,0.5988100000000001,0.68115,0.17027,0.6179899999999999
396,1,0.70109,0.63267,0.24239000000000002,0.83045
397,1,0.47912,0.73906,0.28765,0.6716
398,1,0.82468,0.52876,0.31567,0.8864200000000001
399,1,0.7219800000000001,0.7257399999999999,0.23959,0.6722
400,1,0.6019399999999999,0.50956,0.50734,0.7087600000000001
401,1,0.66737,0.29686,0.56238,0.69971
402,1,0.64952,0.77499,0.25258,0.8376299999999999
403,1,0.73041,0.41866000000000003,0.32382,0.8054100000000001
404,1,0.53522,0.54193,0.26034,0.7368600000000001
405,1,0.55037,0.7932600000000001,0.28093,0.50817
406,1,0.5185,0.8127,0.27399,0.47348999999999997
407,1,0.50336,0.74727,0.27505999999999997,0.67443
408,1,0.81237,0.55772,0.25882,0.86467
409,1,0.5542,0.7811100000000001,0.24276,0.73968
410,1,0.64781,0.53271,0.42791,0.8761899999999999
411,1,0.7966300000000001,0.53256,0.28639000000000003,0.9244
412,1,0.7801899999999999,0.8813,0.059387999999999996,0.45608999999999994
413,1,0.75857,0.50964,0.3367,1.0
414,1,0.65075,0.8619399999999999,0.076038,0.60705
415,1,0.78203,0.37056999999999995,0.40193,0.8639700000000001
416,1,0.8214100000000001,0.93101,0.051711,0.39047
417,1,0.5909,0.56725,0.45486000000000004,0.73769
418,1,0.41713999999999996,0.57484,0.5296,0.81588
419,1,0.64898,0.32395999999999997,0.5987399999999999,0.64727
420,1,0.3287,0.9704200000000001,0.34920999999999996,0.43704
421,1,0.42493000000000003,0.56384,0.5594600000000001,0.8342200000000001
422,1,0.85664,0.89005,0.04145,0.38377
423,1,0.49904,0.84491,0.26845,0.39295
424,1,0.64795,0.7547,0.23169,0.8301
425,1,0.63346,0.33542,0.58157,0.5894199999999999
426,1,0.39805999999999997,0.9210200000000001,0.34759,0.4047
427,1,0.41408999999999996,0.8995799999999999,0.10051,0.24409
428,1,0.7548,0.5098699999999999,0.26233,0.80376
429,1,0.69175,0.33008000000000004,0.50225,0.73945
430,1,0.6209899999999999,0.75285,0.21984,0.55814
431,1,0.60221,0.69957,0.31393000000000004,0.7973
432,1,0.88121,0.8233799999999999,0.08766499999999999,0.63457
433,1,0.6685800000000001,0.8758,0.093644,0.53027
434,1,0.91364,0.89276,0.042776999999999996,0.43045
435,1,0.59537,0.8446,0.13435999999999998,0.70982
436,1,0.53522,0.54193,0.26034,0.7368600000000001
437,1,0.54689,0.74107,0.3002,0.73533
438,1,0.80007,0.7279100000000001,0.14288,0.77966
439,1,0.84883,0.59419,0.21552,0.91935
440,1,0.75561,0.54015,0.31836,0.9493299999999999
441,1,0.57044,0.89864,0.16348,0.41281
442,1,0.75007,0.88215,0.063118,0.43963
443,1,0.77251,0.62741,0.26439,0.80518
444,1,0.6041,0.74433,0.24775,0.82258
445,1,0.73779,0.38761,0.34722,0.75885
446,1,0.68471,0.62633,0.23634000000000002,0.7721399999999999
447,1,0.78995,0.62663,0.26771999999999996,0.83234
448,1,0.79171,0.91158,0.06725,0.38506999999999997
449,1,0.7920699999999999,0.39226,0.36416,0.8760700000000001
450,1,0.7741,0.36725,0.41484,0.90018
451,1,0.9175200000000001,0.80705,0.11205999999999999,0.69312
452,1,0.56345,0.85536,0.17481,0.6409199999999999
453,1,0.76572,0.88115,0.056286,0.46231000000000005
454,1,0.62336,0.74456,0.25051999999999996,0.82081
455,1,0.70025,0.89764,0.079467,0.41293
456,1,0.6521100000000001,0.58513,0.34184000000000003,0.82034
457,1,0.55414,0.63244,0.41267,0.8361
458,1,0.82404,0.40039,0.35877,0.89312
459,1,0.5636800000000001,0.8542,0.12395,0.65103
460,1,0.57748,0.82942,0.16909000000000002,0.64398
461,1,0.73101,0.8421200000000001,0.10275999999999999,0.6893600000000001
462,1,0.8638100000000001,0.79992,0.12679,0.69971
463,1,0.36751999999999996,0.93527,0.30990999999999996,0.46443
464,1,0.92179,0.4988,0.24409,0.9024200000000001
465,1,0.31321,0.9718200000000001,0.25686,0.0
466,1,0.5905600000000001,0.6500199999999999,0.31123,0.7378
467,1,0.72232,0.85064,0.10269,0.6829
468,1,0.83745,0.78514,0.08644500000000001,0.64139
469,1,0.5211600000000001,0.75889,0.31445,0.69794
470,1,0.57076,0.8631,0.19393,0.57743
471,1,0.5363600000000001,0.7730600000000001,0.27333,0.71582
472,1,0.78464,0.7468100000000001,0.13967000000000002,0.77425
473,1,0.71126,0.78893,0.19245,0.60647
474,1,0.69401,0.8803700000000001,0.090947,0.50488
475,1,0.78341,0.52404,0.31445,0.96426
476,1,0.53522,0.54193,0.26034,0.7368600000000001
477,1,0.75946,0.7657,0.17584,0.7420399999999999
478,1,0.37961,0.54735,0.53488,0.77978
479,1,0.659,0.60805,0.3112,0.77355
480,1,0.57615,0.494,0.53746,0.71582
481,1,0.7116399999999999,0.86713,0.085412,0.68172
482,1,0.50835,0.82842,0.24959,0.43033999999999994
483,1,0.57763,0.7844399999999999,0.28285,0.55391
484,1,0.8498899999999999,0.59427,0.23360999999999998,0.92769
485,1,0.77159,0.78777,0.12996,0.67325
486,1,0.78787,0.75493,0.12295,0.68783
487,1,0.75862,0.84506,0.090357,0.6933600000000001
488,1,0.58943,0.81177,0.2748,0.51864
489,1,0.71146,0.62238,0.23619,0.8292799999999999
490,1,0.64717,0.74146,0.23893000000000003,0.5906
491,1,0.7287399999999999,0.39071,0.44873,0.85244
492,1,0.37506999999999996,0.92064,0.34700000000000003,0.49628999999999995
493,1,0.71036,0.93837,0.083861,0.37542
494,1,0.69315,0.35044000000000003,0.48557,0.7843600000000001
495,1,0.49873,0.90159,0.06780499999999999,0.22093000000000002
496,1,0.75126,0.36214,0.41584,0.87455
497,1,0.50437,0.45536000000000004,0.59283,0.84598
498,1,0.54898,0.51444,0.28121999999999997,0.72616
499,1,0.57162,0.76198,0.25177,0.7371
500,1,0.78651,0.65405,0.25805,0.80929
501,1,0.60158,0.61177,0.31433,0.76003
502,1,0.6524300000000001,0.25854,0.57803,0.75544
503,1,0.86331,0.52574,0.23667,0.80788
504,1,0.7119,0.75292,0.19602999999999998,0.7239300000000001
505,1,0.69281,0.8384,0.098736,0.65832
506,1,0.65877,0.8261700000000001,0.2287,0.47972
507,1,0.8396600000000001,0.7259,0.13624,0.79483
508,1,0.8728600000000001,0.50197,0.24697,0.86808
509,1,0.48655,0.8539700000000001,0.205,0.58824
510,1,0.76579,0.60519,0.30917,0.84386
511,1,0.7922,0.60898,0.29325999999999997,0.8593799999999999
512,1,0.70001,0.9177700000000001,0.081276,0.39824
513,1,0.93601,0.74611,0.11612,0.74403
514,1,0.65317,0.5845199999999999,0.36288000000000004,0.81623
515,1,0.93174,0.7376699999999999,0.10475,0.7219300000000001
516,1,0.33488,0.9870700000000001,0.35464,0.25090999999999997
517,1,0.6349,0.67882,0.31984,0.8458600000000001
518,1,0.8136399999999999,0.42238000000000003,0.29699000000000003,0.8423299999999999
519,1,0.75785,0.77244,0.18219000000000002,0.7107600000000001
520,1,0.73785,0.7306199999999999,0.21973,0.7499100000000001
521,1,0.5665,0.858,0.13513,0.39705999999999997
522,1,0.54595,0.55145,0.40108,0.68195
523,1,0.6615800000000001,0.43901999999999997,0.33789,0.77167
524,1,0.53171,0.6864899999999999,0.31633,0.76003
525,1,0.59975,0.8453,0.16171,0.6139899999999999
526,1,0.66714,0.79435,0.17049,0.47702
527,1,0.6904899999999999,0.79706,0.20965,0.53651
528,1,0.7692100000000001,0.57003,0.28588,0.95262
529,1,0.4077,0.9832,0.25749,0.090883
530,1,0.9205200000000001,0.73356,0.12390999999999999,0.75497
531,1,0.75002,0.9029,0.06702999999999999,0.44092
532,1,0.68976,0.59907,0.34504,0.8495
533,1,0.5111,0.76732,0.27384000000000003,0.69242
534,1,0.8559899999999999,0.8057300000000001,0.12220999999999999,0.66619
535,1,0.64828,0.33674,0.59505,0.60753
536,1,0.7073,0.54015,0.40647,0.75144
537,1,0.50016,0.48663999999999996,0.5619,0.8356299999999999
538,1,0.55994,0.51336,0.47198,0.6544399999999999
539,1,0.81414,0.57081,0.20689000000000002,0.8639700000000001
540,1,0.79465,0.52791,0.32493,0.9739
541,1,0.7722600000000001,0.6763399999999999,0.25181,0.8079999999999999
542,1,0.71143,0.9214100000000001,0.092166,0.41552
543,1,0.40531,0.95145,0.22523,0.13145
544,1,0.81402,0.5602,0.25642,0.8633799999999999
545,1,0.80378,0.3355,0.37199,0.73251
546,1,0.61245,0.84429,0.13155,0.7179300000000001
547,1,0.75769,0.36879,0.39894,0.81011
548,1,0.64148,0.74534,0.27155,0.59177
549,1,0.76231,0.5421600000000001,0.31175,0.95344
550,1,0.79427,0.55416,0.26044,0.8683200000000001
551,1,0.76269,0.86566,0.071273,0.66397
552,1,0.77389,0.88533,0.05200900000000001,0.38024
553,1,0.72902,0.35029,0.39244,0.703
554,1,0.69867,0.33519,0.50148,0.77754
555,1,0.67293,0.65505,0.25490999999999997,0.7410899999999999
556,1,0.6208600000000001,0.812,0.22526999999999997,0.58001
557,1,0.7992100000000001,0.53465,0.272,0.87784
558,1,0.8240299999999999,0.33279000000000003,0.37273,0.77461
559,1,0.65325,0.50592,0.45046,0.8751399999999999
560,1,0.79951,0.9334899999999999,0.039972,0.34626
561,1,0.48351000000000005,0.49106000000000005,0.55795,0.84304
562,1,0.33041,0.99172,0.26724000000000003,0.08241699999999999
563,1,0.80491,0.9242,0.060016999999999994,0.39716999999999997
564,1,0.65346,0.54619,0.42746999999999996,0.90641
565,1,0.6210600000000001,0.8114600000000001,0.24022,0.5776600000000001
566,1,0.6983199999999999,0.79923,0.21541,0.62563
567,1,0.86995,0.81758,0.096263,0.62128
568,1,0.82106,0.63995,0.26373,0.8363299999999999
569,1,0.63936,0.26187,0.58903,0.7280399999999999
570,1,0.79184,0.55014,0.26155,0.8388
571,1,0.6702100000000001,0.32295999999999997,0.41258999999999996,0.66373
572,1,0.90475,0.9032899999999999,0.037612,0.41163999999999995
573,1,0.7135100000000001,0.85854,0.070649,0.66773
574,1,0.59204,0.858,0.13782,0.70394
575,1,0.69608,0.81502,0.21755,0.61717
576,1,0.53123,0.8920600000000001,0.1761,0.40188
577,1,0.78881,0.33612,0.37398000000000003,0.7284
578,1,0.6647,0.48508999999999997,0.44751,0.71546
579,1,0.5914,0.8496299999999999,0.13808,0.67478
580,1,0.84729,0.82578,0.11740999999999999,0.64174
581,1,0.36601,0.9571,0.21028000000000002,0.06149500000000001
582,1,0.80027,0.5303899999999999,0.29045,0.8366899999999999
583,1,0.6785899999999999,0.25945999999999997,0.5904699999999999,0.73651
584,1,0.53204,0.7712,0.25775,0.72663
585,1,0.8208,0.31692,0.39487,0.71323
586,1,0.61929,0.8352299999999999,0.24575,0.57919
587,1,0.6107899999999999,0.82911,0.13727,0.59835
588,1,0.48778999999999995,0.82176,0.092718,0.5474399999999999
589,1,0.57534,0.8387100000000001,0.15728,0.65867
590,1,0.8421,0.40279,0.34305,0.8874799999999999
591,1,0.6179399999999999,0.30630999999999997,0.6006199999999999,0.62069
592,1,0.5768,0.6079,0.41975,0.79694
593,1,0.30654000000000003,0.58173,0.5196,0.74098
594,1,0.8830600000000001,0.64677,0.1737,0.8693700000000001
595,1,0.73742,0.78598,0.18157,0.54169
596,1,0.55507,0.70925,0.27369,0.73898
597,1,0.91228,0.90081,0.020927,0.38143
598,1,0.5875199999999999,0.79388,0.24541999999999997,0.50147
599,1,0.79119,0.40626999999999996,0.32304,0.80529
600,1,0.59118,0.7548600000000001,0.29451,0.84057
601,1,0.69231,0.61347,0.30746999999999997,0.81388
602,1,0.70854,0.9262100000000001,0.074487,0.37683
603,1,0.7792399999999999,0.61943,0.2562,0.80835
604,1,0.31688,0.8947,0.17038,0.27983
605,1,0.58465,0.8285,0.16739,0.62716
606,1,0.40489,0.9598899999999999,0.24564,0.14097
607,1,0.92217,0.8963200000000001,0.021556,0.38295
608,1,0.87461,0.6381,0.17300000000000001,0.8790100000000001
609,1,0.75369,0.7176100000000001,0.11904,0.69547
610,1,0.49081,0.86419,0.3195,0.37906999999999996
611,1,0.7832899999999999,0.85195,0.038904,0.41058999999999996
612,1,0.42568999999999996,0.5832,0.52558,0.84104
613,1,0.8629899999999999,0.54115,0.26104,0.88725
614,1,0.68876,0.77135,0.22645,0.81811
615,1,0.49296999999999996,0.8604,0.068137,0.15802
616,1,0.7924,0.77174,0.16119,0.7265199999999999
617,1,0.48778999999999995,0.82176,0.092718,0.5474399999999999
618,1,0.6419100000000001,0.63539,0.22084,0.75344
619,1,0.54891,0.80085,0.29558,0.48418
620,1,0.75754,0.34889000000000003,0.38033,0.7913
621,1,0.75267,0.55834,0.31990999999999997,0.9669700000000001
622,1,0.8715,0.49555,0.24944000000000002,0.87784
623,1,0.78012,0.78397,0.16226,0.81376
624,1,0.8436100000000001,0.80124,0.12328,0.66467
625,1,0.80313,0.40433,0.32977,0.8458600000000001
626,1,0.64041,0.74224,0.25129,0.8238700000000001
627,1,0.65317,0.53171,0.42528999999999995,0.74862
628,1,0.7620399999999999,0.5423100000000001,0.30064,0.83586
629,1,0.77877,0.31243000000000004,0.39250999999999997,0.66338
630,1,0.69525,0.647,0.26056,0.85103
631,1,0.64481,0.55184,0.40979,0.8512700000000001
632,1,0.77423,0.36763,0.41134,0.88254
633,1,0.82726,0.42741,0.30116,0.8599700000000001
634,1,1.0,0.71065,0.11819,0.8269299999999999
635,1,0.64461,0.42121000000000003,0.34874,0.70476
636,1,0.6630699999999999,0.28463,0.57592,0.74603
637,1,0.74584,0.78033,0.1706,0.7975300000000001
638,1,0.70408,0.77917,0.20238,0.81529
639,1,0.78797,0.40186,0.33685,0.79565
640,1,0.8083,0.49872,0.23781999999999998,0.8025899999999999
641,1,0.5757800000000001,0.7345,0.30854000000000004,0.74768
642,1,0.8779299999999999,0.5142100000000001,0.24176999999999998,0.8786700000000001
643,1,0.53542,0.77027,0.30580999999999997,0.72158
644,1,0.72658,0.41835,0.32759,0.80482
645,1,0.71865,0.74162,0.22291,0.7239300000000001
646,1,0.59163,0.9005,0.17249,0.40998999999999997
647,1,0.78036,0.61177,0.28414,0.8286899999999999
648,1,0.56391,0.73906,0.27915999999999996,0.74521
649,1,0.48015,0.47618999999999995,0.5745600000000001,0.82234
650,1,0.52304,0.86845,0.22364,0.60824
651,1,0.72108,0.34348,0.48217,0.8292799999999999
652,1,0.84273,0.38916,0.33962,0.82752
653,1,0.74997,0.35424,0.48723,0.79389
654,1,0.76115,0.62416,0.27329000000000003,0.81435
655,1,0.69938,0.91591,0.08519199999999999,0.40659
656,1,0.40967,0.9155200000000001,0.30104000000000003,0.51334
657,1,0.48778999999999995,0.82176,0.092718,0.5474399999999999
658,1,0.5828300000000001,0.25598000000000004,0.58478,0.65915
659,1,0.66563,0.61773,0.28492,0.76061
660,1,0.81617,0.41611000000000004,0.3198,0.86314
661,1,0.49918,0.77259,0.26735,0.7164
662,1,0.72227,0.84444,0.071088,0.6522100000000001
663,1,0.78041,0.39148,0.34184000000000003,0.7833100000000001
664,1,0.8942700000000001,0.6559,0.153,0.8753700000000001
665,1,0.6403300000000001,0.7447199999999999,0.26391,0.82752
666,1,0.59626,0.5489,0.47571,0.76673
667,1,0.50437,0.49438999999999994,0.56035,0.8184600000000001
668,1,0.54898,0.51444,0.28121999999999997,0.72616
669,1,0.8225,0.53271,0.28924,0.96096
670,1,0.75894,0.35958,0.37853000000000003,0.7701399999999999
671,1,0.5453,0.39326,0.36080999999999996,0.68771
672,1,0.67488,0.41703,0.36354000000000003,0.7694300000000001
673,1,0.37551999999999996,0.92822,0.36498,0.33274000000000004
674,1,0.60702,0.84762,0.14528,0.7284
675,1,0.49581000000000003,0.7360399999999999,0.24919000000000002,0.71358
676,1,0.5294399999999999,0.78227,0.21416,0.66972
677,1,0.52589,0.86434,0.068874,0.20858000000000002
678,1,0.68576,0.56748,0.30149000000000004,0.81493
679,1,0.56394,0.7639199999999999,0.1785,0.68113
680,1,0.75638,0.62578,0.27196,0.8269299999999999
681,1,0.6695800000000001,0.36036,0.45316000000000006,0.74074
682,1,0.7769699999999999,0.37004000000000004,0.37235999999999997,0.77672
683,1,0.8205600000000001,0.38126,0.38661,0.84539
684,1,0.35813,0.92032,0.34160999999999997,0.33745
685,1,0.80145,0.80124,0.13801,0.6709
686,1,0.56276,0.73318,0.27923000000000003,0.7185199999999999
687,1,0.46892,0.78955,0.24778000000000003,0.64503
688,1,0.69687,0.73209,0.23055,0.63398
689,1,0.72592,0.39047,0.33914,0.72746
690,1,0.92984,0.71707,0.12417,0.77167
691,1,0.54898,0.51444,0.28121999999999997,0.72616
692,1,0.79464,0.9326399999999999,0.058539,0.38224
693,1,0.61945,0.8589200000000001,0.15739,0.61928
694,1,0.56124,0.5290699999999999,0.32245,0.8212799999999999
695,1,0.5435800000000001,0.89795,0.18045999999999998,0.41211000000000003
696,1,0.62646,0.80952,0.18997999999999998,0.45385
697,1,0.768,0.7719699999999999,0.17765,0.80294
698,1,0.74151,0.37661,0.45519,0.81482
699,1,0.79028,0.8988799999999999,0.051414,0.3712
700,1,0.79097,0.741,0.14089000000000002,0.77131
701,1,0.9110299999999999,0.9069299999999999,0.038865,0.38283
702,1,0.77842,0.377,0.39978,0.89594
703,1,0.60241,0.68548,0.32652,0.79777
704,1,0.77482,0.77708,0.14797000000000002,0.76555
705,1,0.8225399999999999,0.39923000000000003,0.33005999999999996,0.8486799999999999
706,1,0.7662100000000001,0.56934,0.27174,0.90464
707,1,0.8431700000000001,0.33465,0.37656999999999996,0.75438
708,1,0.88089,0.66357,0.14229,0.81435
709,1,0.74359,0.64328,0.23664000000000002,0.7712
710,1,0.6809999999999999,0.57607,0.3583,0.84245
711,1,0.6322800000000001,0.34812,0.5819,0.6129399999999999
712,1,0.8537299999999999,0.77677,0.1417,0.74545
713,1,0.80323,0.8966299999999999,0.058320000000000004,0.39695
714,1,0.69215,0.6411100000000001,0.31526,0.80165
715,1,0.75963,0.8360799999999999,0.097077,0.72346
716,1,0.5453,0.39326,0.36080999999999996,0.68772
717,1,0.72314,0.7873,0.2101,0.57331
718,1,0.80301,0.71792,0.14923,0.79871
719,1,0.6358199999999999,0.48657,0.46833,0.8958299999999999
720,1,0.88292,0.5276,0.23546,0.88454
721,1,0.47534,0.46418999999999994,0.53296,0.74062
722,1,0.85724,0.81889,0.10057999999999999,0.64339
723,1,0.56181,0.78761,0.27726999999999996,0.72828
724,1,0.87715,0.83554,0.081608,0.63657
725,1,0.76875,0.37522,0.34951,0.7125199999999999
726,1,0.51076,0.8343,0.29001,0.41986999999999997
727,1,0.31688,0.8947,0.17038,0.27983
728,1,0.53523,0.54193,0.26033,0.7368600000000001
729,1,0.43866000000000005,0.51878,0.49568,0.64244
730,1,0.7146,0.88959,0.089655,0.49453
731,1,0.58126,0.8562200000000001,0.20098,0.62152
732,1,0.3121,0.94394,0.31858000000000003,0.41693
733,1,0.78363,0.39907,0.33342,0.82458
734,1,0.7094699999999999,0.59473,0.30691999999999997,0.81211
735,1,0.7628199999999999,0.7664,0.19245,0.82081
736,1,0.45695,0.8418100000000001,0.32342,0.35932
737,1,0.8074100000000001,0.78761,0.12103,0.6672600000000001
738,1,0.5746899999999999,0.86829,0.19917,0.62517
739,1,0.6392,0.27309,0.5745600000000001,0.73921
740,1,0.33135,0.98777,0.25941,0.080653
741,1,0.76645,0.39953,0.34874,0.79953
742,1,0.55557,0.8768100000000001,0.2153,0.6259899999999999
743,1,0.85345,0.57925,0.22549,0.91299
744,1,0.86734,0.8278700000000001,0.11819,0.66067
745,1,0.56245,0.62873,0.35335,0.77108
746,1,0.84316,0.80101,0.14403,0.74321
747,1,0.50613,0.78382,0.26150999999999996,0.70841
748,1,0.56955,0.51568,0.51221,0.7289899999999999
749,1,0.5715100000000001,0.5400699999999999,0.4866,0.73792
750,1,0.7993399999999999,0.35106,0.43218999999999996,0.88066
751,1,0.67042,0.81843,0.217,0.47995
752,1,0.5355800000000001,0.7622899999999999,0.21335,0.72593
753,1,0.73529,0.32187,0.512,0.8295100000000001
754,1,0.68069,0.5242,0.43655,0.90794
755,1,0.84759,0.5930300000000001,0.21608000000000002,0.8898299999999999
756,1,0.7972100000000001,0.8950799999999999,0.058134000000000005,0.40694
757,1,0.6997,0.6339199999999999,0.31223,0.79424
758,1,0.79132,0.58475,0.22671,0.8892399999999999
759,1,0.50908,0.84065,0.28798,0.41658
760,1,0.74159,0.5307,0.28809,0.88595
761,1,0.6701199999999999,0.64917,0.24291,0.80306
762,2,0.40708,0.63957,0.16772,0.5958899999999999
763,2,0.53597,0.51003,0.22634,0.80917
764,2,0.38756999999999997,0.2477,0.5677300000000001,0.86526
765,2,0.23031999999999997,0.036236000000000004,0.9032899999999999,0.66079
766,2,0.25051999999999996,0.20805,0.66208,0.86526
767,2,0.34339000000000003,0.5039100000000001,0.28520999999999996,0.9024200000000001
768,2,0.38104,0.6178899999999999,0.11863,0.57414
769,2,0.44336000000000003,0.63508,0.14923,0.50947
770,2,0.5326,0.5200199999999999,0.21534,0.7906
771,2,0.43677,0.26611999999999997,0.47863,0.8269299999999999
772,2,0.33393,0.17352,0.63026,0.7179300000000001
773,2,0.39785,0.28138,0.45829,0.83175
774,2,0.46353,0.5119600000000001,0.21400999999999998,0.8229299999999999
775,2,0.48151000000000005,0.62361,0.070649,0.499
776,2,0.082116,0.76113,0.25686,0.1699
777,2,0.37648000000000004,0.61835,0.19659000000000001,0.5633199999999999
778,2,0.45197,0.44514,0.3312,0.8801899999999999
779,2,0.37668,0.17723,0.61612,0.7661399999999999
780,2,0.24966,0.031514,0.7954,0.5438
781,2,0.37645,0.25784,0.46326999999999996,0.7824800000000001
782,2,0.48273,0.50089,0.20711,0.8342200000000001
783,2,0.54199,0.6411100000000001,0.033588,0.40963999999999995
784,2,0.26205,0.69718,0.19459,0.33474
785,2,0.38768,0.5041399999999999,0.28905,0.77954
786,2,0.35667,0.24948,0.51284,0.74662
787,2,0.3154,0.12427,0.62033,0.6197600000000001
788,2,0.47361000000000003,0.35261,0.31345,0.84562
789,2,0.5839300000000001,0.55974,0.11394000000000001,0.7873
790,2,0.5918,0.65792,0.014875,0.40529
791,2,0.18492,0.7911699999999999,0.21427,0.1612
792,2,0.31069,0.5324,0.33279000000000003,0.79706
793,2,0.34298,0.3115,0.47773999999999994,0.8575
794,2,0.39069,0.27797,0.42835,0.79271
795,2,0.54448,0.5332600000000001,0.1424,0.82975
796,2,0.62616,0.6744100000000001,0.016533000000000003,0.5352100000000001
797,2,0.56667,0.69648,0.0010683,0.22421999999999997
798,2,0.11192,0.85606,0.21101999999999999,0.23385999999999998
799,2,0.27535,0.6199,0.24161999999999997,0.6990000000000001
800,2,0.35906,0.45869,0.28023000000000003,0.81776
801,2,0.44198000000000004,0.44011000000000006,0.21929,0.7833100000000001
802,2,0.55114,0.5876899999999999,0.08603999999999999,0.7478
803,2,0.5736899999999999,0.64026,0.053003999999999996,0.62505
804,2,0.48763,0.63035,0.081866,0.51217
805,2,0.24761,0.6398,0.20534000000000002,0.45232
806,2,0.060705999999999996,0.84019,0.22810999999999998,0.44056000000000006
807,2,0.19823,0.64042,0.261,0.6865399999999999
808,2,0.28958,0.51305,0.25727,0.77225
809,2,0.38513000000000003,0.51498,0.18492,0.7289899999999999
810,2,0.46145,0.60797,0.10084,0.68383
811,2,0.44556999999999997,0.58777,0.1255,0.67819
812,2,0.35885,0.5547,0.20776999999999998,0.6774899999999999
813,2,0.35399,0.57406,0.22409,0.61857
814,2,0.4172,0.46024,0.35143,0.81787
815,2,0.28336,0.25939,0.69039,0.68478
816,2,0.15769,0.29446,0.7007899999999999,0.70253
817,2,0.3212,0.66001,0.21335,0.66091
818,2,0.5254300000000001,0.5705,0.16658,0.72405
819,2,0.39734,0.32466,0.51539,0.79318
820,2,0.2192,0.010298,0.9892200000000001,0.47536999999999996
821,2,0.21813000000000002,0.20434000000000002,0.7642399999999999,0.64656
822,2,0.28622,0.49546999999999997,0.33057,0.8478600000000001
823,2,0.36512,0.6362399999999999,0.16924,0.5425
824,2,0.47686999999999996,0.5098699999999999,0.22962,0.76308
825,2,0.34673000000000004,0.25226,0.55053,0.83304
826,2,0.20415999999999998,0.048625,0.8726200000000001,0.65103
827,2,0.23326999999999998,0.21239,0.66613,0.83645
828,2,0.32097,0.51142,0.28285,0.8719600000000001
829,2,0.34571,0.63105,0.12445999999999999,0.5343899999999999
830,2,0.4038,0.63856,0.14284000000000002,0.46455
831,2,0.47941000000000006,0.5146,0.22486,0.73663
832,2,0.39808000000000004,0.26697,0.47538,0.76755
833,2,0.30399,0.17708,0.61841,0.68795
834,2,0.38334,0.28997,0.45353000000000004,0.80412
835,2,0.43986000000000003,0.51684,0.2173,0.8059999999999999
836,2,0.44323999999999997,0.62772,0.07234600000000001,0.46396000000000004
837,2,0.05485,0.76477,0.25037,0.1398
838,2,0.34045,0.63384,0.18463,0.5303899999999999
839,2,0.4111,0.43763,0.34874,0.83245
840,2,0.345,0.16639,0.63148,0.69912
841,2,0.22760999999999998,0.034687,0.77893,0.49218
842,2,0.37104000000000004,0.26132,0.455,0.74768
843,2,0.46986999999999995,0.50608,0.20806999999999998,0.8154100000000001
844,2,0.50853,0.64862,0.03787,0.37625
845,2,0.22784000000000001,0.69865,0.18795,0.31535
846,2,0.35347,0.5091,0.28462,0.75826
847,2,0.32882,0.24204,0.5223300000000001,0.72358
848,2,0.298,0.13852,0.59025,0.5958899999999999
849,2,0.46386000000000005,0.36562,0.30729,0.8319799999999999
850,2,0.56814,0.5568,0.12129000000000001,0.77155
851,2,0.5516300000000001,0.6633399999999999,0.022147,0.36943000000000004
852,2,0.15548,0.77933,0.22028000000000003,0.1445
853,2,0.28164,0.5311600000000001,0.34069,0.7714300000000001
854,2,0.32211,0.30368,0.49062,0.83657
855,2,0.37239,0.26891,0.43659,0.77531
856,2,0.52533,0.53682,0.14414000000000002,0.81729
857,2,0.6013,0.67573,0.018972,0.51346
858,2,0.52654,0.7028300000000001,0.010627,0.19659000000000001
859,2,0.08430900000000001,0.85869,0.21589,0.22787
860,2,0.25828,0.61603,0.23468000000000003,0.6843100000000001
861,2,0.33623000000000003,0.46148,0.27628,0.79189
862,2,0.41823999999999995,0.4511,0.20508,0.7581399999999999
863,2,0.52241,0.58715,0.086299,0.72111
864,2,0.55098,0.6463800000000001,0.056286,0.61505
865,2,0.45158999999999994,0.63631,0.08633300000000001,0.49536
866,2,0.20922,0.64491,0.20711,0.42375
867,2,0.038487,0.84352,0.23771,0.41928999999999994
868,2,0.18335,0.64367,0.25195,0.67114
869,2,0.26896,0.5191600000000001,0.25155,0.75038
870,2,0.36777,0.52946,0.17215,0.70229
871,2,0.45318,0.61022,0.096483,0.6624399999999999
872,2,0.43904,0.58955,0.12793,0.66855
873,2,0.34794,0.5702699999999999,0.1964,0.67067
874,2,0.30599,0.58901,0.20947,0.58519
875,2,0.37349,0.48362,0.33704,0.78613
876,2,0.24883000000000002,0.28231,0.66879,0.6723100000000001
877,2,0.1385,0.31661,0.67507,0.68078
878,2,0.27091,0.6664399999999999,0.20818000000000003,0.61153
879,2,0.46681999999999996,0.5684100000000001,0.16632,0.67501
880,2,0.33824,0.33442,0.5141,0.77178
881,2,0.18432,0.018118000000000002,0.97335,0.48453999999999997
882,2,0.19143,0.22625,0.74317,0.64503
883,2,0.2655,0.5031399999999999,0.31958000000000003,0.8319799999999999
884,2,0.43491,0.62757,0.17747000000000002,0.6301
885,2,0.5100100000000001,0.47603999999999996,0.28813,0.84762
886,2,0.38875,0.19737000000000002,0.62026,0.8898299999999999
887,2,0.27208000000000004,0.038635,0.8979,0.7643800000000001
888,2,0.32249,0.25923,0.61542,0.9714299999999999
889,2,0.41361000000000003,0.52482,0.26056,0.93874
890,2,0.38786,0.63841,0.12992,0.57519
891,2,0.46817,0.62261,0.15669,0.55614
892,2,0.5232899999999999,0.48935,0.2655,0.80423
893,2,0.4521,0.2367,0.50738,0.81011
894,2,0.37521,0.1753,0.62583,0.76779
895,2,0.46219,0.3235,0.42426,0.9118200000000001
896,2,0.50813,0.53891,0.20009000000000002,0.84621
897,2,0.48713999999999996,0.6343,0.073638,0.48725
898,2,0.12991,0.7633,0.21914,0.15344000000000002
899,2,0.40365999999999996,0.59559,0.20736999999999997,0.62563
900,2,0.46041000000000004,0.41053,0.3876,0.8679600000000001
901,2,0.39643,0.13558,0.6419199999999999,0.66514
902,2,0.29901,0.06558,0.7409899999999999,0.52675
903,2,0.44908000000000003,0.30066,0.41691000000000006,0.80647
904,2,0.54405,0.53984,0.17690999999999998,0.8136399999999999
905,2,0.56158,0.65141,0.037982,0.4007
906,2,0.29765,0.66705,0.20803000000000002,0.41058999999999996
907,2,0.40755,0.4638,0.32703000000000004,0.77531
908,2,0.37904,0.21169000000000002,0.53296,0.66714
909,2,0.38292,0.16802,0.56024,0.62117
910,2,0.54771,0.38583,0.30116,0.8773700000000001
911,2,0.6543,0.58467,0.09796,0.77754
912,2,0.59638,0.6662,0.027682,0.42152
913,2,0.20315999999999998,0.74998,0.23453000000000002,0.27301
914,2,0.32505,0.48641,0.37246999999999997,0.7774300000000001
915,2,0.38171,0.27844,0.49044,0.7902399999999999
916,2,0.46897,0.32203000000000004,0.3759,0.78201
917,2,0.62056,0.5489,0.14284000000000002,0.8368
918,2,0.6803100000000001,0.68587,0.012806999999999999,0.5137
919,2,0.57239,0.6940000000000001,0.019084,0.2689
920,2,0.11259000000000001,0.82152,0.2397,0.31969000000000003
921,2,0.29991,0.58165,0.25742,0.7351
922,2,0.40562,0.43105,0.29311,0.83363
923,2,0.53872,0.47983000000000003,0.18149,0.80647
924,2,0.62253,0.59814,0.093385,0.76661
925,2,0.63349,0.6531899999999999,0.054847,0.6208100000000001
926,2,0.49099,0.63662,0.0956,0.52464
927,2,0.24659,0.66489,0.21228000000000002,0.42222
928,2,0.064073,0.81208,0.25428,0.48043
929,2,0.22535,0.6151,0.2617,0.70617
930,2,0.34764,0.50646,0.25184,0.78237
931,2,0.47233,0.54882,0.15757000000000002,0.72558
932,2,0.52696,0.60542,0.10530999999999999,0.72275
933,2,0.50046,0.58343,0.13222,0.72569
934,2,0.39118,0.55625,0.21241999999999997,0.72275
935,2,0.3748,0.56229,0.23944000000000001,0.67972
936,2,0.41563,0.42523999999999995,0.42473999999999995,0.82058
937,2,0.29856,0.22888000000000003,0.73741,0.70065
938,2,0.19217,0.30894,0.69895,0.74015
939,2,0.35979,0.659,0.19345,0.6669
940,2,0.52144,0.54162,0.20567,0.77778
941,2,0.38323,0.25939,0.61324,0.83916
942,2,0.26414,0.0,1.0,0.59248
943,2,0.28231,0.24925,0.71837,0.76967
944,2,0.35488000000000003,0.5132800000000001,0.31168,0.9003
945,2,0.38021,0.64382,0.1754,0.56096
946,2,0.50774,0.52056,0.21925,0.7780100000000001
947,2,0.38654,0.26047,0.5352899999999999,0.8984200000000001
948,2,0.25603000000000004,0.059851,0.8467100000000001,0.72122
949,2,0.28314,0.19249000000000002,0.67747,0.86561
950,2,0.35718,0.49725,0.30112,0.9358
951,2,0.3857,0.61959,0.13365,0.602
952,2,0.4152,0.63778,0.15159,0.48077
953,2,0.5011899999999999,0.53008,0.21356999999999998,0.76473
954,2,0.43362,0.27634000000000003,0.46575,0.8499700000000001
955,2,0.34859,0.1746,0.61538,0.75144
956,2,0.43036,0.27921,0.4584,0.85044
957,2,0.47105,0.50654,0.22859000000000002,0.8466799999999999
958,2,0.48161000000000004,0.62927,0.077735,0.5241600000000001
959,2,0.046456,0.75664,0.2744,0.17555
960,2,0.34557,0.6393300000000001,0.18965,0.5138199999999999
961,2,0.42232,0.46853,0.32522,0.8475
962,2,0.37748000000000004,0.1856,0.60287,0.75756
963,2,0.26363000000000003,0.029344,0.79008,0.52993
964,2,0.40610999999999997,0.2494,0.47091000000000005,0.80576
965,2,0.49241,0.48982,0.23188000000000003,0.88607
966,2,0.54302,0.64886,0.03868,0.43068999999999996
967,2,0.2326,0.7077,0.19969,0.28348
968,2,0.36682,0.5231100000000001,0.28145,0.74356
969,2,0.35073000000000004,0.2741,0.48767,0.75838
970,2,0.33981999999999996,0.14294,0.59283,0.6069399999999999
971,2,0.5080600000000001,0.36546999999999996,0.30507,0.86067
972,2,0.60532,0.55501,0.12675,0.8136399999999999
973,2,0.5966,0.66101,0.019747,0.41293
974,2,0.14509,0.79613,0.22195,0.095002
975,2,0.28573000000000004,0.53813,0.3442,0.75568
976,2,0.34207,0.31978,0.47025,0.86067
977,2,0.41849,0.27061,0.43513999999999997,0.77425
978,2,0.56257,0.5262899999999999,0.15661,0.8535
979,2,0.62898,0.67278,0.032149000000000004,0.55967
980,2,0.55374,0.71003,0.0030241,0.22069
981,2,0.070838,0.86318,0.20892,0.19810999999999998
982,2,0.25414000000000003,0.623,0.23439000000000002,0.66738
983,2,0.36118,0.46263999999999994,0.27760999999999997,0.81047
984,2,0.45753999999999995,0.44924,0.21286999999999998,0.76602
985,2,0.562,0.58707,0.093751,0.75861
986,2,0.5688,0.64568,0.071312,0.65033
987,2,0.46771,0.63562,0.08519199999999999,0.52299
988,2,0.24233000000000002,0.636,0.19784000000000002,0.46808
989,2,0.020877,0.8453,0.22505,0.43856000000000006
990,2,0.17777,0.64452,0.25645999999999997,0.69112
991,2,0.29234,0.5270600000000001,0.24711999999999998,0.78354
992,2,0.40124,0.52071,0.17765,0.7331
993,2,0.47418999999999994,0.60287,0.09929099999999999,0.68242
994,2,0.44485,0.57723,0.1331,0.70629
995,2,0.35470999999999997,0.55958,0.20379,0.7034699999999999
996,2,0.34095,0.59334,0.20755,0.6248100000000001
997,2,0.4052,0.47836000000000006,0.32932,0.81317
998,2,0.28525,0.26705,0.68178,0.69618
999,2,0.16651,0.28415999999999997,0.71829,0.67961
1000,2,0.29994,0.66117,0.21958000000000003,0.67114
1001,2,0.5052300000000001,0.57243,0.16702,0.70806
1002,2,0.38449,0.33658000000000005,0.49527,0.8134100000000001
1003,2,0.23234000000000002,0.026867000000000002,0.95825,0.56766
1004,2,0.23970999999999998,0.19698,0.7602899999999999,0.69042
1005,2,0.29878000000000005,0.49276000000000003,0.33991,0.9025299999999999
1006,2,0.43701999999999996,0.61998,0.17455,0.63481
1007,2,0.49536,0.47116,0.28724,0.84398
1008,2,0.36787,0.1904,0.6221,0.86279
1009,2,0.25029,0.047929,0.8690700000000001,0.73451
1010,2,0.29211,0.26744,0.60044,0.9427399999999999
1011,2,0.37455,0.52698,0.26104,0.9062899999999999
1012,2,0.3443,0.63872,0.13052,0.5532100000000001
1013,2,0.47118999999999994,0.62269,0.14970999999999998,0.5716600000000001
1014,2,0.51817,0.47463999999999995,0.27096,0.8216399999999999
1015,2,0.44237,0.21966999999999998,0.51982,0.80835
1016,2,0.3633,0.16485,0.62978,0.7679
1017,2,0.44035,0.32450999999999997,0.42315,0.90335
1018,2,0.47841000000000006,0.53566,0.205,0.83716
1019,2,0.4489,0.64189,0.069688,0.46302
1020,2,0.15886,0.7651600000000001,0.21725999999999998,0.17919000000000002
1021,2,0.41558999999999996,0.59536,0.20722,0.6502100000000001
1022,2,0.46023000000000003,0.39466,0.39166,0.88489
1023,2,0.3801,0.1125,0.66791,0.68595
1024,2,0.29105,0.057451999999999996,0.74273,0.5808399999999999
1025,2,0.42835,0.29686,0.42433000000000004,0.8397399999999999
1026,2,0.51635,0.53,0.1854,0.81623
1027,2,0.51626,0.65513,0.036539,0.37954
1028,2,0.31122,0.6621,0.20651999999999998,0.44656
1029,2,0.41863999999999996,0.45211,0.33619,0.8242200000000001
1030,2,0.37485999999999997,0.19179000000000002,0.5585399999999999,0.7166399999999999
1031,2,0.37403000000000003,0.15602,0.56271,0.68842
1032,2,0.51963,0.3897,0.28695,0.90065
1033,2,0.61656,0.5887,0.095966,0.7661399999999999
1034,2,0.55679,0.6695300000000001,0.030892000000000003,0.4007
1035,2,0.21985,0.73364,0.25129,0.32828
1036,2,0.3355,0.48602,0.35756,0.8465600000000001
1037,2,0.3782,0.2621,0.5152800000000001,0.85903
1038,2,0.45673,0.30730999999999997,0.40210999999999997,0.8593799999999999
1039,2,0.58135,0.5566399999999999,0.12864,0.8312799999999999
1040,2,0.63674,0.69423,0.006457399999999999,0.48301000000000005
1041,2,0.52754,0.69787,0.015797,0.24809
1042,2,0.13529000000000002,0.81634,0.22962,0.36825
1043,2,0.31293000000000004,0.5764600000000001,0.26373,0.7689600000000001
1044,2,0.40036,0.43236,0.29686999999999997,0.85856
1045,2,0.50676,0.47703999999999996,0.18721,0.8363299999999999
1046,2,0.57201,0.6000800000000001,0.093975,0.76649
1047,2,0.58454,0.65366,0.048536,0.60106
1048,2,0.44675,0.6326,0.097999,0.51005
1049,2,0.22230999999999998,0.66613,0.21228000000000002,0.42303999999999997
1050,2,0.083674,0.80194,0.25166,0.51217
1051,2,0.23563,0.60952,0.26361999999999997,0.7490899999999999
1052,2,0.33333,0.5062300000000001,0.25793,0.81529
1053,2,0.44759,0.5454899999999999,0.15702,0.75979
1054,2,0.48589,0.61463,0.10815,0.71758
1055,2,0.46438,0.57987,0.13509000000000002,0.70723
1056,2,0.35597,0.55958,0.20475,0.70206
1057,2,0.36043000000000003,0.56129,0.23571,0.67807
1058,2,0.39519,0.4326,0.41118999999999994,0.80271
1059,2,0.27487,0.24545,0.72929,0.69124
1060,2,0.15862,0.32853000000000004,0.67596,0.7289899999999999
1061,2,0.34091,0.65258,0.1977,0.66385
1062,2,0.49938999999999995,0.53798,0.21109,0.7719
1063,2,0.36313,0.26395,0.61612,0.7863600000000001
1064,2,0.24129,0.0035622,0.98501,0.5392100000000001
1065,2,0.24814,0.27069,0.68105,0.73275
1066,2,0.31828,0.5221100000000001,0.30507,0.8657299999999999
1067,2,0.44827,0.62617,0.1723,0.6440899999999999
1068,2,0.53077,0.4782,0.27487,0.85785
1069,2,0.4036,0.19960999999999998,0.6088899999999999,0.8653799999999999
1070,2,0.28123000000000004,0.027563,0.90307,0.71711
1071,2,0.32486,0.25497,0.6070399999999999,0.9162899999999999
1072,2,0.40933,0.5222600000000001,0.26671999999999996,0.92099
1073,2,0.38478,0.63918,0.12937,0.57743
1074,2,0.47757,0.62424,0.15078,0.5766
1075,2,0.53498,0.48455,0.26155,0.84503
1076,2,0.46792,0.21889,0.5170100000000001,0.8449200000000001
1077,2,0.39245,0.1568,0.63284,0.78472
1078,2,0.48113999999999996,0.30755,0.43341,0.91794
1079,2,0.51658,0.52373,0.20733000000000001,0.86549
1080,2,0.48832,0.63763,0.074521,0.49641
1081,2,0.13868,0.76415,0.22555999999999998,0.18437
1082,2,0.40726,0.60193,0.20855,0.64174
1083,2,0.45743999999999996,0.389,0.40525,0.91405
1084,2,0.40110999999999997,0.12155999999999999,0.65495,0.7315699999999999
1085,2,0.31566,0.035926,0.77347,0.6037600000000001
1086,2,0.46263000000000004,0.2796,0.43382,0.87784
1087,2,0.54519,0.52505,0.19149000000000002,0.86467
1088,2,0.5542600000000001,0.6562100000000001,0.034993,0.40917
1089,2,0.29278000000000004,0.67248,0.20231,0.41681
1090,2,0.40235,0.4566,0.33264,0.82258
1091,2,0.38451,0.18645,0.5712,0.73592
1092,2,0.39554,0.14564000000000002,0.57703,0.67901
1093,2,0.5615100000000001,0.37422,0.29721,0.9205200000000001
1094,2,0.6533399999999999,0.5826600000000001,0.10029,0.7963600000000001
1095,2,0.59178,0.66179,0.03152,0.42563
1096,2,0.19293,0.74247,0.25236,0.28019
1097,2,0.32092,0.47588,0.3955,0.8479700000000001
1098,2,0.3777,0.2604,0.51642,0.8834799999999999
1099,2,0.45601,0.30151,0.3927,0.8703200000000001
1100,2,0.61152,0.54038,0.14040999999999998,0.87066
1101,2,0.66608,0.6856399999999999,0.013359000000000001,0.52946
1102,2,0.56103,0.69694,0.021001,0.26208000000000004
1103,2,0.10132999999999999,0.81944,0.23335,0.32134
1104,2,0.2901,0.5818800000000001,0.25948000000000004,0.7360399999999999
1105,2,0.38736,0.43716000000000005,0.29595,0.84198
1106,2,0.49868,0.47231999999999996,0.18673,0.8298700000000001
1107,2,0.5958,0.59388,0.090064,0.78895
1108,2,0.61241,0.65033,0.053003999999999996,0.6321
1109,2,0.47836999999999996,0.6312800000000001,0.10017000000000001,0.53275
1110,2,0.22694,0.65815,0.21423000000000003,0.42998000000000003
1111,2,0.048619,0.8151,0.24600999999999998,0.48441999999999996
1112,2,0.20906999999999998,0.6192,0.25711999999999996,0.71182
1113,2,0.31411,0.51173,0.25428,0.78284
1114,2,0.43172,0.5451,0.15462,0.73475
1115,2,0.4863,0.60805,0.10057999999999999,0.71711
1116,2,0.47181999999999996,0.58173,0.13092,0.71535
1117,2,0.36446999999999996,0.55277,0.21541,0.71358
1118,2,0.36801,0.57414,0.2297,0.67525
1119,2,0.40417,0.44568,0.40115,0.8274
1120,2,0.27797,0.2319,0.7389600000000001,0.72463
1121,2,0.17059000000000002,0.30345,0.70024,0.7468600000000001
1122,2,0.36155,0.6593100000000001,0.20039,0.67043
1123,2,0.52704,0.54278,0.19847,0.7804800000000001
1124,2,0.38099,0.27355999999999997,0.5929,0.80635
1125,2,0.24833000000000002,0.0042582,0.9861200000000001,0.55062
1126,2,0.26566,0.24444000000000002,0.7206199999999999,0.72534
1127,2,0.33744,0.51142,0.31101,0.88055
1128,2,0.35061,0.64181,0.17492,0.5352100000000001
1129,2,0.4783,0.50956,0.23031999999999997,0.7692
1130,2,0.34256,0.24381999999999998,0.5706100000000001,0.86103
1131,2,0.21784,0.03639,0.9006,0.6903
1132,2,0.26348,0.20798000000000003,0.67278,0.86655
1133,2,0.36328,0.49686,0.28514,0.92769
1134,2,0.38479,0.61998,0.12528,0.56367
1135,2,0.38966999999999996,0.6410399999999999,0.15317999999999998,0.45315
1136,2,0.4778,0.52753,0.21323000000000003,0.7445
1137,2,0.39334,0.26814,0.47767,0.8059999999999999
1138,2,0.32061999999999996,0.16554000000000002,0.64963,0.7518
1139,2,0.39802,0.27294,0.47571,0.85667
1140,2,0.46956000000000003,0.51173,0.21833000000000002,0.8720700000000001
1141,2,0.47243999999999997,0.62183,0.070756,0.49536
1142,2,0.033519,0.76988,0.26454,0.092183
1143,2,0.33028,0.6188100000000001,0.20076,0.51746
1144,2,0.40691,0.44367,0.33608000000000005,0.83175
1145,2,0.34038,0.16624,0.62546,0.70465
1146,2,0.23885,0.029965,0.78695,0.53322
1147,2,0.38533,0.24909,0.47715,0.7924800000000001
1148,2,0.48861000000000004,0.49121000000000004,0.20961999999999997,0.8583200000000001
1149,2,0.53187,0.63926,0.033514999999999996,0.41247
1150,2,0.2043,0.6923,0.20655,0.303
1151,2,0.34095,0.48973999999999995,0.31315,0.73651
1152,2,0.32874000000000003,0.23661999999999997,0.5248,0.71864
1153,2,0.30872,0.1221,0.61645,0.59953
1154,2,0.48186,0.34889000000000003,0.31847,0.8630200000000001
1155,2,0.5807899999999999,0.54913,0.12646,0.81611
1156,2,0.57758,0.65915,0.015280000000000002,0.40153
1157,2,0.13249,0.78699,0.23076999999999998,0.11345999999999999
1158,2,0.26839,0.51436,0.35531,0.73639
1159,2,0.32286,0.29872,0.48671000000000003,0.78154
1160,2,0.39281,0.26945,0.43315,0.69148
1161,2,0.55867,0.5218,0.15078,0.81011
1162,2,0.6328199999999999,0.6633399999999999,0.023472999999999997,0.5498
1163,2,0.557,0.69686,0.0031361,0.22221999999999997
1164,2,0.050891000000000006,0.86279,0.22833,0.16038
1165,2,0.23342,0.6062,0.25705,0.67842
1166,2,0.34934,0.43585,0.3016,0.81834
1167,2,0.44447,0.4326,0.22549,0.7863600000000001
1168,2,0.56125,0.5801,0.090025,0.76402
1169,2,0.57872,0.64344,0.056729999999999996,0.62164
1170,2,0.48267,0.63484,0.08101799999999999,0.48783000000000004
1171,2,0.22981999999999997,0.64715,0.21116999999999997,0.42622
1172,2,0.0059277999999999996,0.85188,0.23711999999999997,0.36155
1173,2,0.16557,0.63213,0.27403,0.65937
1174,2,0.2767,0.51003,0.26975,0.78142
1175,2,0.38128,0.51235,0.19507,0.74356
1176,2,0.46486000000000005,0.60821,0.1042,0.6955899999999999
1177,2,0.44326000000000004,0.59125,0.12583,0.66137
1178,2,0.35817,0.56314,0.20006,0.66232
1179,2,0.27146,0.58281,0.23549,0.55967
1180,2,0.34786,0.46845,0.35689,0.81035
1181,2,0.24898,0.26945,0.68112,0.7623800000000001
1182,2,0.14382,0.29825999999999997,0.71209,0.7418
1183,2,0.25009000000000003,0.66295,0.22430999999999998,0.58448
1184,2,0.45482,0.58033,0.16337000000000002,0.67196
1185,2,0.34473000000000004,0.3379,0.50122,0.78742
1186,2,0.20178,0.026556,0.96486,0.52252
1187,2,0.21781,0.20465,0.76857,0.63998
1188,2,0.29004,0.4902,0.34426999999999996,0.85526
1189,2,0.32798,0.6480100000000001,0.16860999999999998,0.51828
1190,2,0.44788999999999995,0.51684,0.23003,0.75626
1191,2,0.32275,0.25784,0.5526,0.8416299999999999
1192,2,0.1904,0.031282,0.90215,0.62446
1193,2,0.23688,0.20511,0.67156,0.81188
1194,2,0.32953000000000005,0.50035,0.29170999999999997,0.8790100000000001
1195,2,0.36559,0.6232300000000001,0.12827,0.56155
1196,2,0.36253,0.65335,0.14420999999999998,0.4234
1197,2,0.44866000000000006,0.53976,0.20665999999999998,0.72934
1198,2,0.37885,0.27781,0.46962,0.81599
1199,2,0.29771,0.16097,0.64845,0.7225199999999999
1200,2,0.37556,0.26876,0.4708,0.8272799999999999
1201,2,0.44485,0.51413,0.21903000000000003,0.82799
1202,2,0.45711,0.62602,0.072863,0.49123999999999995
1203,2,0.021879,0.77685,0.25694,0.087246
1204,2,0.30791,0.63802,0.18742999999999999,0.49123999999999995
1205,2,0.38783,0.46418999999999994,0.31374,0.82481
1206,2,0.33224000000000004,0.16926,0.6150899999999999,0.7318100000000001
1207,2,0.23431,0.039798,0.77893,0.5204
1208,2,0.36684,0.25435,0.4663,0.76555
1209,2,0.45802,0.49663,0.21245999999999998,0.8204600000000001
1210,2,0.50964,0.64259,0.036763,0.38942
1211,2,0.19077,0.70097,0.19976,0.27971999999999997
1212,2,0.33071999999999996,0.5062300000000001,0.2882,0.73557
1213,2,0.3189,0.25885,0.49553,0.72064
1214,2,0.29393,0.129,0.60612,0.58507
1215,2,0.45628,0.34905,0.32353000000000004,0.82258
1216,2,0.55114,0.55277,0.1324,0.78613
1217,2,0.5523,0.66109,0.024064,0.37766
1218,2,0.11542999999999999,0.78614,0.23243000000000003,0.089473
1219,2,0.24968,0.53256,0.32877,0.73569
1220,2,0.30758,0.30221,0.48265,0.81153
1221,2,0.37546,0.26256,0.44563,0.72722
1222,2,0.5295300000000001,0.52187,0.15215,0.82175
1223,2,0.60449,0.66999,0.025171000000000002,0.54098
1224,2,0.52722,0.70198,0.0058284999999999995,0.19612000000000002
1225,2,0.037398,0.87464,0.21678000000000003,0.14403
1226,2,0.21448000000000003,0.60875,0.26199,0.6769
1227,2,0.32293,0.45156999999999997,0.29245,0.80706
1228,2,0.4111,0.44367,0.22102,0.76637
1229,2,0.52505,0.5935,0.08330900000000001,0.7167600000000001
1230,2,0.5526300000000001,0.65296,0.052082,0.58895
1231,2,0.4517,0.64266,0.07755,0.45385
1232,2,0.21040999999999999,0.65722,0.19958,0.39716999999999997
1233,2,0.0,0.85962,0.23889000000000002,0.35144000000000003
1234,2,0.15114,0.6490100000000001,0.26336,0.64127
1235,2,0.25285,0.52675,0.25601,0.75038
1236,2,0.35883000000000004,0.52172,0.18441,0.70182
1237,2,0.44385,0.62044,0.092313,0.66784
1238,2,0.42894,0.6017,0.11900000000000001,0.64585
1239,2,0.33146,0.57631,0.18957000000000002,0.64268
1240,2,0.25176,0.5863,0.23575,0.55533
1241,2,0.34334000000000003,0.48331,0.34483,0.7813100000000001
1242,2,0.24784,0.29183000000000003,0.66245,0.70194
1243,2,0.14239000000000002,0.32125,0.67688,0.6984100000000001
1244,2,0.22512,0.66775,0.21752,0.58495
1245,2,0.4263,0.58444,0.16924,0.65174
1246,2,0.33071999999999996,0.34486999999999995,0.50572,0.7721399999999999
1247,2,0.18494000000000002,0.027795,0.9636399999999999,0.50135
1248,2,0.20526,0.20920999999999998,0.75022,0.63163
1249,2,0.26409,0.48889,0.33681,0.84257
1250,2,0.33213000000000004,0.65017,0.16669,0.51405
1251,2,0.45181000000000004,0.52025,0.22638000000000003,0.7450899999999999
1252,2,0.31253000000000003,0.25993,0.5522600000000001,0.83093
1253,2,0.17949,0.044442,0.89292,0.64103
1254,2,0.22735,0.2223,0.65078,0.8204600000000001
1255,2,0.32694,0.50685,0.29181999999999997,0.8870100000000001
1256,2,0.35169,0.62841,0.12376,0.55685
1257,2,0.37101,0.64661,0.15086,0.42728
1258,2,0.46308999999999995,0.53628,0.21109,0.71687
1259,2,0.37524,0.2796,0.47113999999999995,0.79506
1260,2,0.29149,0.17274,0.64026,0.7108800000000001
1261,2,0.36998000000000003,0.28486,0.46921,0.8214
1262,2,0.43536,0.51854,0.21711,0.81881
1263,2,0.44448999999999994,0.6372399999999999,0.069283,0.47772
1264,2,0.028204000000000003,0.76957,0.25727,0.087246
1265,2,0.32421,0.63175,0.19186,0.5012300000000001
1266,2,0.40415999999999996,0.46179,0.3188,0.81552
1267,2,0.33077,0.17708,0.60948,0.69818
1268,2,0.22363000000000002,0.033448,0.7903100000000001,0.47607
1269,2,0.35466,0.2573,0.46892,0.73439
1270,2,0.45424,0.5030600000000001,0.20929,0.79847
1271,2,0.50268,0.65536,0.032076,0.39059
1272,2,0.20255,0.69934,0.20651999999999998,0.29347
1273,2,0.3371,0.49903000000000003,0.30061,0.73816
1274,2,0.32376,0.23988,0.5260600000000001,0.7165199999999999
1275,2,0.28438,0.12395999999999999,0.6142,0.56425
1276,2,0.44306999999999996,0.3475,0.32253000000000004,0.8234
1277,2,0.5483899999999999,0.55284,0.12982,0.77672
1278,2,0.54673,0.66109,0.020225,0.38248000000000004
1279,2,0.12554,0.79195,0.22899999999999998,0.10452
1280,2,0.26587,0.52869,0.34176,0.7428600000000001
1281,2,0.30658,0.30159,0.48416000000000003,0.81905
1282,2,0.36373,0.26814,0.43559,0.7391
1283,2,0.5189600000000001,0.51978,0.15525,0.8314
1284,2,0.59495,0.66783,0.022513,0.53969
1285,2,0.52912,0.69818,0.005906000000000001,0.21058000000000002
1286,2,0.044523,0.8720100000000001,0.2287,0.15425999999999998
1287,2,0.21986,0.61347,0.2548,0.67184
1288,2,0.31608,0.45528,0.28651,0.7922399999999999
1289,2,0.4062,0.43585,0.22324000000000002,0.75979
1290,2,0.51579,0.58924,0.08267999999999999,0.7179300000000001
1291,2,0.5456,0.65172,0.052189,0.59624
1292,2,0.45246000000000003,0.64483,0.07950499999999999,0.46561
1293,2,0.22155999999999998,0.6531100000000001,0.20187,0.41235
1294,2,0.00041105,0.8631,0.23487,0.36449000000000004
1295,2,0.15125,0.6388699999999999,0.27351,0.6459699999999999
1296,2,0.24871,0.52396,0.25841,0.74697
1297,2,0.35153,0.5200199999999999,0.18264,0.6988800000000001
1298,2,0.43856000000000006,0.61626,0.0932,0.65796
1299,2,0.42994,0.59768,0.11631,0.6612600000000001
1300,2,0.33998,0.56918,0.19234,0.66032
1301,2,0.23925,0.5866,0.22619,0.54909
1302,2,0.32233,0.4796,0.34434000000000003,0.7621399999999999
1303,2,0.22445,0.2878,0.66263,0.68501
1304,2,0.12604,0.3228,0.67285,0.6756
1305,2,0.22693000000000002,0.66651,0.21470999999999998,0.57872
1306,2,0.41953999999999997,0.5808,0.16396,0.6483300000000001
1307,2,0.31740999999999997,0.35013,0.48545,0.76461
1308,2,0.17367,0.038249,0.94784,0.48477
1309,2,0.19856,0.22114,0.7377100000000001,0.6047100000000001
1310,2,0.26655999999999996,0.49648000000000003,0.34113000000000004,0.8261
1311,2,0.42715,0.6401899999999999,0.16975,0.5993
1312,2,0.54818,0.50375,0.2356,0.81787
1313,2,0.3991,0.2415,0.56795,0.8890100000000001
1314,2,0.255,0.045142,0.88081,0.7088800000000001
1315,2,0.29511,0.20581,0.6699,0.8830100000000001
1316,2,0.39224000000000003,0.5008100000000001,0.2975,0.9509700000000001
1317,2,0.41648999999999997,0.62083,0.12320999999999999,0.6057600000000001
1318,2,0.4723,0.62989,0.14864000000000002,0.51958
1319,2,0.55569,0.51367,0.21961999999999998,0.7985899999999999
1320,2,0.45586000000000004,0.26248,0.47933000000000003,0.8339799999999999
1321,2,0.36385,0.15989,0.6448,0.76555
1322,2,0.43765,0.27526,0.46907,0.8711399999999999
1323,2,0.5060100000000001,0.5088699999999999,0.22283000000000003,0.8881899999999999
1324,2,0.51234,0.6250100000000001,0.074931,0.5341600000000001
1325,2,0.1094,0.75207,0.26639,0.17495
1326,2,0.4145,0.61541,0.19149000000000002,0.59248
1327,2,0.4905,0.44863000000000003,0.31969000000000003,0.8901899999999999
1328,2,0.40710999999999997,0.15354,0.63546,0.74556
1329,2,0.29386,0.018193,0.8081,0.5383899999999999
1330,2,0.42846999999999996,0.24406,0.48678999999999994,0.81082
1331,2,0.5240100000000001,0.49586,0.21031999999999998,0.88654
1332,2,0.57303,0.6415,0.03392,0.44116000000000005
1333,2,0.30145,0.68448,0.20268,0.38965
1334,2,0.42971000000000004,0.50368,0.28292,0.81482
1335,2,0.39475,0.24429,0.5100399999999999,0.76567
1336,2,0.35968,0.10870999999999999,0.63664,0.6489199999999999
1337,2,0.52475,0.34642,0.31901999999999997,0.90864
1338,2,0.62185,0.54789,0.12804000000000001,0.85221
1339,2,0.61971,0.65761,0.016017,0.43645
1340,2,0.20870999999999998,0.78188,0.22411999999999999,0.19377
1341,2,0.34468000000000004,0.51165,0.34888,0.82152
1342,2,0.38179,0.29748,0.48058,0.8874799999999999
1343,2,0.43866000000000005,0.26419000000000004,0.44248999999999994,0.8071699999999999
1344,2,0.6048399999999999,0.5242,0.14679,0.8978200000000001
1345,2,0.6685,0.6686,0.020781,0.5853
1346,2,0.5985,0.69771,0.0,0.24315
1347,2,0.11945,0.8566799999999999,0.20965,0.23915
1348,2,0.29304,0.6031,0.2504,0.74074
1349,2,0.39353,0.43468999999999997,0.3013,0.85926
1350,2,0.49205,0.43291,0.22361,0.82857
1351,2,0.6029,0.58653,0.08507999999999999,0.7831899999999999
1352,2,0.61526,0.64367,0.054072,0.64762
1353,2,0.5161899999999999,0.63593,0.079949,0.51852
1354,2,0.2632,0.6409600000000001,0.1967,0.4569
1355,2,0.06338099999999999,0.8412700000000001,0.2184,0.44678999999999996
1356,2,0.21370999999999998,0.62478,0.26521,0.7178100000000001
1357,2,0.32106999999999997,0.50074,0.26797,0.81635
1358,2,0.43488000000000004,0.50825,0.18869,0.77754
1359,2,0.5126,0.60859,0.10106,0.72075
1360,2,0.48999,0.5878399999999999,0.12133,0.70406
1361,2,0.39439,0.5551699999999999,0.19702999999999998,0.701
1362,2,0.35158,0.57499,0.22966,0.62469
1363,2,0.4237,0.4621,0.35368,0.83739
1364,2,0.3031,0.26728,0.6793899999999999,0.73898
1365,2,0.18299,0.29786999999999997,0.6967,0.72922
1366,2,0.33404,0.6554399999999999,0.21039000000000002,0.6594899999999999
1367,2,0.5371199999999999,0.56585,0.16525,0.7264
1368,2,0.40769,0.33287,0.50675,0.80835
1369,2,0.23739000000000002,0.011768,0.9856,0.52476
1370,2,0.25084,0.2017,0.76159,0.66067
1371,2,0.32453000000000004,0.49075,0.34335,0.88595
