1,1,0.13476,0.11129
2,1,0.10509,0.14658
3,1,0.12044,0.148
4,1,0.14277,0.082689
5,1,0.11663,0.11811
6,1,0.096622,0.12513
7,1,0.050165,0.11177
8,1,0.108,0.068511
9,1,0.16465,0.12031
10,1,0.10155,0.05001
11,1,0.12757,0.18296
12,1,0.17274,0.17306
13,1,0.09223,0.1518
14,1,0.14101,0.13672
15,1,0.11017,0.16634
16,1,0.096305,0.12036
17,1,0.14305,0.083727
18,1,0.13921,0.07106
19,1,0.10044,0.14346
20,1,0.14429,0.11991
21,1,0.18845,0.096721
22,1,0.13969,0.12865
23,1,0.12023,0.087278
24,1,0.14024,0.14138
25,1,0.14281,0.11849
26,1,0.10709,0.087602
27,1,0.086816,0.09366
28,1,0.14565,0.073866
29,1,0.15928,0.095974
30,1,0.20543,0.092397
31,1,0.096881,0.1433
32,1,0.053042,0.15994
33,1,0.097425,0.15459
34,1,0.14083,0.13301
35,1,0.15615,0.11512
36,1,0.12024,0.18713
37,1,0.092531,0.14058
38,1,0.08298,0.12131
39,1,0.17347,0.16353
40,1,0.15685,0.19061
41,1,0.14505,0.13829
42,1,0.18436,0.14468
43,1,0.11713,0.13009
44,1,0.096233,0.13691
45,1,0.19695,0.062976
46,1,0.046201,0.07182
47,1,0.097693,0.13382
48,1,0.11942,0.13755
49,1,0.10677,0.13589
50,1,0.16192,0.1181
51,1,0.15609,0.11151
52,1,0.16243,0.12372
53,1,0.085298,0.14839
54,1,0.093626,0.12178
55,1,0.080532,0.14555
56,1,0.19225,0.14249
57,1,0.13421,0.14931
58,1,0.15366,0.091181
59,1,0.13631,0.10978
60,1,0.18306,0.15675
61,1,0.20997,0.11615
62,1,0.11865,0.09655
63,1,0.11429,0.12755
64,1,0.13968,0.10645
65,1,0.17531,0.12623
66,1,0.090312,0.17874
67,1,0.10913,0.14001
68,1,0.072137,0.18595
69,1,0.070929,0.15014
70,1,0.025556,0.096075
71,1,0.072781,0.094569
72,1,0.092152,0.099619
73,1,0.15178,0.092381
74,1,0.13854,0.11629
75,1,0.094325,0.091651
76,1,0.08631,0.095392
77,1,0.12836,0.16739
78,1,0.15663,0.12345
79,1,0.11917,0.14779
80,1,0.16261,0.08967
81,1,0.10167,0.052049
82,1,0.14188,0.12976
83,1,0.13133,0.083951
84,1,0.14004,0.15907
85,1,0.13316,0.091594
86,1,0.2108,0.10275
87,1,0.087513,0.084469
88,1,0.10972,0.083783
89,1,0.13674,0.14181
90,1,0.043635,0.13424
91,1,0.1562,0.15469
92,1,0.13083,0.1366
93,1,0.16795,0.090239
94,1,0.084595,0.13953
95,1,0.093783,0.1315
96,1,0.17141,0.10012
97,1,0.12937,0.16924
98,1,0.12817,0.11594
99,1,0.13929,0
100,1,0.07749,0.12744
101,1,0.11612,0.099893
102,1,0.14397,0.15266
103,1,0.14022,0.11396
104,1,0.094356,0.11014
105,1,0.12094,0.10742
106,1,0.14146,0.14574
107,1,0.10128,0.053151
108,1,0.13848,0.10991
109,1,0.13316,0.099884
110,1,0.13152,0.11019
111,1,0.15314,0.095996
112,1,0.13189,0.12593
113,1,0.1489,0.1569
114,1,0.13595,0.15703
115,1,0.14589,0.13267
116,1,0.11848,0.079426
117,1,0.084684,0.092112
118,1,0.16569,0.046245
119,1,0.11046,0.087426
120,1,0.17128,0.10143
121,1,0.13064,0.088739
122,1,0.10861,0.15749
123,1,0.13272,0.15344
124,1,0.1286,0.16792
125,1,0.1691,0.061783
126,1,0.17924,0.1113
127,1,0.12871,0.10416
128,1,0.15953,0.1159
129,1,0.074565,0.077164
130,1,0.20329,0.14755
131,1,0.10193,0.072943
132,1,0.10118,0.16672
133,1,0.10755,0.10761
134,1,0.09679,0.10725
135,1,0.16439,0.07688
136,1,0.07622,0.13628
137,1,0.16373,0.10139
138,1,0.12492,0.084108
139,1,0.14567,0.1142
140,1,0.1584,0.11701
141,1,0.04503,0.08527
142,1,0.17631,0.13604
143,1,0.13692,0.096985
144,1,0.14058,0.11896
145,1,0.098524,0.10366
146,1,0.12407,0.085435
147,1,0.081097,0.040197
148,1,0.14879,0.1349
149,1,0.13848,0.11889
150,1,0.1485,0.094246
151,1,0.13188,0.077834
152,1,0.11582,0.10864
153,1,0.14376,0.14382
154,1,0.10645,0.1737
155,1,0.13383,0.15601
156,1,0.09944,0.15347
157,1,0.13589,0.15606
158,1,0.13151,0.15759
159,1,0.082861,0.11349
160,1,0.12059,0.16736
161,1,0.1396,0.055178
162,1,0.12439,0.1391
163,1,0.16934,0.12731
164,1,0.046277,0.086708
165,1,0.057549,0.10631
166,1,0.15271,0.14423
167,1,0.12948,0.11226
168,1,0.12411,0.097893
169,1,0.082381,0.093078
170,1,0.11306,0.071928
171,1,0.14513,0.18942
172,1,0.17035,0.19626
173,1,0.15742,0.1385
174,1,0.17419,0.12333
175,1,0.15288,0.22421
176,1,0.08205,0.12322
177,1,0.17325,0.12103
178,1,0.10325,0.0958
179,1,0.13566,0.17704
180,1,0.14155,0.08533
181,1,0.09715,0.094781
182,1,0.10086,0.14932
183,1,0.082991,0.11361
184,1,0.094452,0.1031
185,1,0.15548,0.13302
186,1,0.076255,0.13053
187,1,0.091044,0.090446
188,1,0.10781,0.11241
189,1,0.12842,0.086204
190,1,0.082644,0.13084
191,1,0.13421,0.13684
192,1,0.13485,0.11491
193,1,0.081947,0.079894
194,1,0.086851,0.090502
195,1,0.15359,0.095453
196,1,0.15176,0.22396
197,1,0.1041,0.082597
198,1,0.08478,0.10132
199,1,0.16692,0.085561
200,1,0.13654,0.10135
201,1,0.09772,0.11095
202,1,0.079081,0.081587
203,1,0.13374,0.11079
204,1,0.12983,0.089448
205,1,0.10367,0.02893
206,1,0.10242,0.10078
207,1,0.12847,0.10821
208,1,0.1133,0.1133
209,1,0.095973,0.14623
210,1,0.17318,0.12165
211,1,0.083012,0.12358
212,1,0.15086,0.067436
213,1,0.119,0.068934
214,1,0.14599,0.041059
215,1,0.083125,0.084926
216,1,0.13367,0.09466
217,1,0.053807,0.071589
218,1,0.05769,0.1915
219,1,0.12937,0.14246
220,1,0.13359,0.17698
221,1,0.13787,0.09079
222,1,0.11972,0.14901
223,1,0.17151,0.098345
224,1,0.1227,0.1576
225,1,0.15364,0.063904
226,1,0.15859,0.12203
227,1,0.15125,0.14813
228,1,0.15327,0.11615
229,1,0.14335,0.11565
230,1,0.13192,0.16118
231,1,0.12093,0.10484
232,1,0,0.12721
233,1,0.13811,0.048933
234,1,0.067938,0.1671
235,1,0.19081,0.043146
236,1,0.10485,0.11112
237,1,0.10065,0.099394
238,1,0.10526,0.057468
239,1,0.12697,0.089199
240,1,0.11109,0.171
241,1,0.13034,0.17288
242,1,0.077432,0.14537
243,1,0.17278,0.086468
244,1,0.082612,0.099245
245,1,0.14569,0.16711
246,1,0.12025,0.12765
247,1,0.12678,0.11709
248,1,0.14805,0.073617
249,1,0.13711,0.11575
250,1,0.099591,0.14814
251,1,0.10898,0.11995
252,1,0.08512,0.15262
253,1,0.14051,0.14945
254,1,0.096297,0.087461
255,1,0.19816,0.10378
256,1,0.10534,0.14018
257,1,0.14535,0.14526
258,1,0.13393,0.17682
259,1,0.10701,0.087664
260,1,0.10707,0.15541
261,1,0.17309,0.14575
262,1,0.15701,0.12236
263,1,0.083798,0.13486
264,1,0.14187,0.12262
265,1,0.19464,0.10812
266,1,0.12974,0.10469
267,1,0.154,0.11098
268,1,0.15217,0.12689
269,1,0.11637,0.11174
270,1,0.16588,0.15485
271,1,0.1015,0.085693
272,1,0.11819,0.13304
273,1,0.19895,0.12915
274,1,0.11738,0.099123
275,1,0.16507,0.088623
276,1,0.13194,0.16289
277,1,0.13055,0.097681
278,1,0.15271,0.099789
279,1,0.12628,0.13106
280,1,0.095464,0.14034
281,1,0.074959,0.10961
282,1,0.059283,0.18952
283,1,0.081513,0.14331
284,1,0.14544,0.11739
285,1,0.13595,0.12905
286,1,0.079536,0.13287
287,1,0.15084,0.14158
288,1,0.11993,0.1091
289,1,0.088404,0.080107
290,1,0.12349,0.085969
291,1,0.096066,0.10292
292,1,0.10806,0.13005
293,1,0.11105,0.19084
294,1,0.15046,0.14566
295,1,0.11961,0.12046
296,1,0.16329,0.13097
297,1,0.086258,0.11179
298,1,0.067753,0.11334
299,1,0.12564,0.15356
300,1,0.13468,0.12699
301,1,0.1673,0.067957
302,1,0.10978,0.11128
303,1,0.13947,0.15988
304,1,0.20334,0.12809
305,1,0.10899,0.13272
306,1,0.14504,0.10201
307,1,0.17089,0.14699
308,1,0.16075,0.052851
309,1,0.093529,0.094158
310,1,0.13838,0.11608
311,1,0.085343,0.14633
312,1,0.06213,0.086134
313,1,0.14112,0.11657
314,1,0.06342,0.0848
315,1,0.14546,0.12225
316,1,0.11218,0.12674
317,1,0.15254,0.11234
318,1,0.10241,0.088761
319,1,0.17587,0.17968
320,1,0.12752,0.13419
321,1,0.12976,0.11417
322,1,0.11376,0.13889
323,1,0.18985,0.093874
324,1,0.11301,0.16625
325,1,0.16127,0.16368
326,1,0.15619,0.062932
327,1,0.12695,0.14228
328,1,0.11315,0.094755
329,1,0.15347,0.12709
330,1,0.104,0.12424
331,1,0.15058,0.11954
332,1,0.081501,0.17403
333,1,0.11873,0.1175
334,1,0.1416,0.16589
335,1,0.17967,0.14358
336,1,0.12711,0.16269
337,1,0.078138,0.16973
338,1,0.066227,0.10381
339,1,0.15769,0.092663
340,1,0.10083,0.08831
341,1,0.14868,0.1038
342,1,0.1707,0.16227
343,1,0.12953,0.11006
344,1,0.098195,0.11322
345,1,0.12608,0.085997
346,1,0.083843,0.14243
347,1,0.063144,0.12115
348,1,0.14662,0.096361
349,1,0.043534,0.12674
350,1,0.11243,0.065956
351,1,0.12744,0.13413
352,1,0.14319,0.12217
353,1,0.12108,0.081477
354,1,0.101,0.18524
355,1,0.15376,0.094244
356,1,0.15788,0.096243
357,1,0.13138,0.15685
358,1,0.14792,0.077934
359,1,0.14382,0.094075
360,1,0.12763,0.094008
361,1,0.12768,0.1371
362,1,0.15556,0.11914
363,1,0.18052,0.065871
364,1,0.11738,0.091723
365,1,0.095978,0.078603
366,1,0.19599,0.13309
367,1,0.16377,0.10496
368,1,0.14904,0.089623
369,1,0.16728,0.096679
370,1,0.17878,0.12522
371,1,0.16612,0.13284
372,1,0.13666,0.16785
373,1,0.18106,0.061573
374,1,0.1474,0.069784
375,1,0.17582,0.15463
376,1,0.1562,0.086914
377,1,0.15048,0.13315
378,1,0.14754,0.10492
379,1,0.16612,0.09355
380,1,0.17084,0.084208
381,1,0.11211,0.13196
382,1,0.14299,0.025865
383,1,0.15729,0.077584
384,1,0.088905,0.12905
385,1,0.097465,0.10024
386,1,0.12969,0.12816
387,1,0.15032,0.15782
388,1,0.21194,0.10727
389,1,0.12237,0.14173
390,1,0.11786,0.11918
391,1,0.17542,0.17521
392,1,0.092165,0.089093
393,1,0.13726,0.12008
394,1,0.1415,0.1412
395,1,0.12517,0.13236
396,1,0.11471,0.068149
397,1,0.10628,0.10132
398,1,0.078502,0.12833
399,1,0.0896,0.14603
400,1,0.10367,0.13691
401,1,0.13245,0.17737
402,1,0.10906,0.092344
403,1,0.19388,0.12954
404,1,0.085129,0.12697
405,1,0.21108,0.103
406,1,0.13785,0.12809
407,1,0.14852,0.12233
408,1,0.13297,0.065522
409,1,0.1357,0.17507
410,1,0.12699,0.10599
411,1,0.12649,0.11212
412,1,0.14483,0.12322
413,1,0.18091,0.12499
414,1,0.099164,0.10331
415,1,0.11285,0.12935
416,1,0.070446,0.1625
417,1,0.11852,0.14108
418,1,0.1151,0.11416
419,1,0.098359,0.08476
420,1,0.10975,0.13566
421,1,0.11118,0.12244
422,1,0.0997,0.11879
423,1,0.1686,0.08372
424,1,0.099418,0.18466
425,1,0.12204,0.13173
426,1,0.10422,0.10618
427,1,0.16919,0.1102
428,1,0.19899,0.15817
429,1,0.13483,0.081643
430,1,0.1424,0.089184
431,1,0.12377,0.12294
432,1,0.1436,0.10784
433,1,0.17758,0.073489
434,1,0.16066,0.17871
435,1,0.12902,0.099175
436,1,0.072293,0.057545
437,1,0.12587,0.14398
438,1,0.091585,0.1936
439,1,0.14996,0.10603
440,1,0.11318,0.15843
441,1,0.14555,0.13316
442,1,0.15504,0.10857
443,1,0.1023,0.076144
444,1,0.13272,0.11966
445,1,0.11324,0.079564
446,1,0.16769,0.17456
447,1,0.15214,0.14227
448,1,0.12198,0.066022
449,1,0.087271,0.16522
450,1,0.088666,0.14816
451,1,0.080321,0.12828
452,1,0.11777,0.12259
453,1,0.095956,0.067498
454,1,0.035415,0.17905
455,1,0.16658,0.12563
456,1,0.08427,0.09932
457,1,0.12427,0.11526
458,1,0.11989,0.12472
459,1,0.099515,0.079837
460,1,0.071093,0.095884
461,1,0.13392,0.10895
462,1,0.12042,0.1218
463,1,0.12547,0.15744
464,1,0.12509,0.14012
465,1,0.067217,0.13462
466,1,0.14549,0.12527
467,1,0.13208,0.028382
468,1,0.14723,0.10566
469,1,0.10889,0.152
470,1,0.1059,0.098257
471,1,0.14684,0.073695
472,1,0.10501,0.12791
473,1,0.17387,0.1046
474,1,0.16939,0.12499
475,1,0.14132,0.091465
476,1,0.12703,0.090522
477,1,0.1294,0.12945
478,1,0.12617,0.067338
479,1,0.13832,0.135
480,1,0.18195,0.074999
481,1,0.11869,0.16582
482,1,0.16138,0.096708
483,1,0.10124,0.13324
484,1,0.14088,0.095206
485,1,0.12369,0.076004
486,1,0.13591,0.11168
487,1,0.12593,0.096863
488,1,0.17709,0.11935
489,1,0.1302,0.13722
490,1,0.15565,0.17109
491,1,0.15878,0.14635
492,1,0.092861,0.084874
493,1,0.13089,0.094707
494,1,0.11446,0.15666
495,1,0.18932,0.17539
496,1,0.14036,0.11003
497,1,0.13654,0.12424
498,1,0.10784,0.052957
499,1,0.1854,0.10068
500,1,0.12208,0.095651
501,2,0.25449,0.19808
502,2,0.27346,0.2009
503,2,0.21221,0.2136
504,2,0.17843,0.20886
505,2,0.29216,0.21067
506,2,0.23582,0.28686
507,2,0.26441,0.23249
508,2,0.23261,0.28386
509,2,0.18922,0.24273
510,2,0.23423,0.22187
511,2,0.21693,0.18031
512,2,0.23482,0.2118
513,2,0.28159,0.26281
514,2,0.25418,0.2555
515,2,0.23741,0.23849
516,2,0.1656,0.24719
517,2,0.30763,0.2236
518,2,0.27337,0.22302
519,2,0.2849,0.23183
520,2,0.24442,0.22089
521,2,0.29129,0.20154
522,2,0.24772,0.2481
523,2,0.2966,0.30581
524,2,0.25023,0.20285
525,2,0.21996,0.24528
526,2,0.25756,0.24565
527,2,0.26899,0.25926
528,2,0.22539,0.20798
529,2,0.26326,0.18906
530,2,0.2647,0.26645
531,2,0.20152,0.22091
532,2,0.27549,0.21419
533,2,0.30963,0.24342
534,2,0.22515,0.1871
535,2,0.29634,0.18116
536,2,0.2045,0.26228
537,2,0.25582,0.27359
538,2,0.30165,0.26384
539,2,0.26684,0.22971
540,2,0.29759,0.28799
541,2,0.23835,0.2854
542,2,0.27645,0.18186
543,2,0.25131,0.20953
544,2,0.25985,0.20458
545,2,0.23757,0.28841
546,2,0.24926,0.24553
547,2,0.2448,0.19383
548,2,0.20895,0.25581
549,2,0.24902,0.26514
550,2,0.22711,0.17551
551,2,0.30064,0.18939
552,2,0.26168,0.20383
553,2,0.28405,0.20629
554,2,0.28437,0.20253
555,2,0.2324,0.18267
556,2,0.30279,0.22318
557,2,0.2969,0.26608
558,2,0.29674,0.13072
559,2,0.28494,0.19257
560,2,0.22354,0.28216
561,2,0.18431,0.2453
562,2,0.25257,0.18126
563,2,0.19764,0.2197
564,2,0.241,0.1899
565,2,0.2201,0.19786
566,2,0.28246,0.23341
567,2,0.27712,0.23302
568,2,0.21336,0.23588
569,2,0.25726,0.289
570,2,0.26755,0.223
571,2,0.24425,0.20874
572,2,0.28876,0.21194
573,2,0.2283,0.24881
574,2,0.24701,0.23768
575,2,0.22475,0.19718
576,2,0.25732,0.23178
577,2,0.23192,0.19464
578,2,0.28766,0.24169
579,2,0.22724,0.21344
580,2,0.26898,0.21591
581,2,0.18111,0.22424
582,2,0.26856,0.237
583,2,0.25194,0.24058
584,2,0.21271,0.20348
585,2,0.24722,0.29683
586,2,0.24425,0.20332
587,2,0.22045,0.20083
588,2,0.24368,0.26418
589,2,0.22265,0.25494
590,2,0.23376,0.2244
591,2,0.21092,0.20846
592,2,0.31433,0.18666
593,2,0.19757,0.17892
594,2,0.1771,0.16599
595,2,0.24,0.18605
596,2,0.22985,0.2405
597,2,0.24877,0.23089
598,2,0.25926,0.223
599,2,0.19783,0.22952
600,2,0.26641,0.26171
601,2,0.3254,0.25
602,2,0.2789,0.18348
603,2,0.2232,0.18942
604,2,0.23086,0.27614
605,2,0.22664,0.2618
606,2,0.2426,0.19162
607,2,0.25673,0.22551
608,2,0.24488,0.21624
609,2,0.27759,0.1802
610,2,0.32705,0.23489
611,2,0.27623,0.17541
612,2,0.21714,0.28904
613,2,0.26103,0.17901
614,2,0.27656,0.24156
615,2,0.25463,0.22205
616,2,0.27341,0.15374
617,2,0.21228,0.22089
618,2,0.2306,0.20306
619,2,0.27139,0.19268
620,2,0.24334,0.26261
621,2,0.22675,0.18626
622,2,0.1961,0.25166
623,2,0.23922,0.26892
624,2,0.24982,0.24865
625,2,0.19032,0.25931
626,2,0.23439,0.22617
627,2,0.23555,0.24427
628,2,0.20888,0.26427
629,2,0.22029,0.20467
630,2,0.25617,0.20341
631,2,0.28798,0.1825
632,2,0.28298,0.25119
633,2,0.30132,0.15163
634,2,0.26125,0.21906
635,2,0.21826,0.20302
636,2,0.23968,0.19802
637,2,0.26885,0.2262
638,2,0.26002,0.24392
639,2,0.30038,0.18498
640,2,0.30101,0.20418
641,2,0.25047,0.19497
642,2,0.24575,0.2426
643,2,0.21773,0.20083
644,2,0.23123,0.14661
645,2,0.20765,0.22787
646,2,0.24912,0.24504
647,2,0.27425,0.2647
648,2,0.257,0.24488
649,2,0.19409,0.23922
650,2,0.2904,0.22505
651,2,0.27406,0.22047
652,2,0.23612,0.18606
653,2,0.26859,0.23401
654,2,0.23795,0.24053
655,2,0.31103,0.21589
656,2,0.16536,0.2212
657,2,0.2663,0.29008
658,2,0.21059,0.30449
659,2,0.28857,0.26858
660,2,0.25507,0.24391
661,2,0.22074,0.19973
662,2,0.21594,0.27859
663,2,0.25413,0.208
664,2,0.25118,0.20115
665,2,0.22564,0.29554
666,2,0.30791,0.21221
667,2,0.19345,0.2187
668,2,0.20654,0.26952
669,2,0.18574,0.20204
670,2,0.28505,0.17016
671,2,0.29016,0.20299
672,2,0.20201,0.25167
673,2,0.27764,0.22411
674,2,0.27888,0.25591
675,2,0.24811,0.22471
676,2,0.27806,0.27014
677,2,0.2236,0.24001
678,2,0.18378,0.19768
679,2,0.29248,0.26089
680,2,0.29541,0.20795
681,2,0.30517,0.25067
682,2,0.23068,0.20769
683,2,0.20468,0.2382
684,2,0.2133,0.22575
685,2,0.22953,0.22869
686,2,0.25611,0.19616
687,2,0.20017,0.24149
688,2,0.25527,0.25976
689,2,0.27878,0.27247
690,2,0.25293,0.17934
691,2,0.27425,0.17887
692,2,0.22535,0.21398
693,2,0.23012,0.18515
694,2,0.28599,0.29452
695,2,0.25073,0.25637
696,2,0.29281,0.22688
697,2,0.21441,0.1882
698,2,0.32893,0.23374
699,2,0.29169,0.21904
700,2,0.25919,0.18192
701,2,0.18956,0.26152
702,2,0.243,0.24281
703,2,0.27011,0.26467
704,2,0.31757,0.16813
705,2,0.28317,0.23184
706,2,0.19772,0.21705
707,2,0.26716,0.21743
708,2,0.31432,0.22537
709,2,0.23665,0.25927
710,2,0.22689,0.27686
711,2,0.28968,0.24006
712,2,0.22428,0.23243
713,2,0.24878,0.21445
714,2,0.3056,0.22757
715,2,0.27282,0.26458
716,2,0.23405,0.27221
717,2,0.20852,0.19907
718,2,0.20635,0.17355
719,2,0.27012,0.20405
720,2,0.3098,0.14112
721,2,0.21706,0.29033
722,2,0.24005,0.1615
723,2,0.21992,0.21385
724,2,0.25689,0.22779
725,2,0.3154,0.31668
726,2,0.21471,0.2384
727,2,0.22494,0.25427
728,2,0.22212,0.24424
729,2,0.22586,0.14213
730,2,0.2481,0.24737
731,2,0.30742,0.24435
732,2,0.2418,0.25182
733,2,0.24158,0.26446
734,2,0.23946,0.26541
735,2,0.25944,0.20117
736,2,0.30549,0.21597
737,2,0.31281,0.18432
738,2,0.31205,0.283
739,2,0.25003,0.24234
740,2,0.28797,0.2402
741,2,0.22909,0.24795
742,2,0.25451,0.19885
743,2,0.22027,0.296
744,2,0.24601,0.23249
745,2,0.1921,0.26414
746,2,0.26716,0.2244
747,2,0.23107,0.24554
748,2,0.2423,0.17217
749,2,0.29503,0.25963
750,2,0.21257,0.22998
751,2,0.24007,0.21811
752,2,0.26749,0.21297
753,2,0.25463,0.26536
754,2,0.29629,0.23216
755,2,0.26135,0.24732
756,2,0.24157,0.2268
757,2,0.22261,0.26936
758,2,0.25354,0.22351
759,2,0.27953,0.28568
760,2,0.28779,0.19198
761,2,0.29252,0.19706
762,2,0.26166,0.21662
763,2,0.16531,0.24628
764,2,0.22449,0.24863
765,2,0.1498,0.21483
766,2,0.23135,0.24877
767,2,0.24818,0.24993
768,2,0.22658,0.19058
769,2,0.21382,0.23476
770,2,0.27689,0.1789
771,2,0.22183,0.24296
772,2,0.20492,0.22353
773,2,0.21813,0.22437
774,2,0.23132,0.28949
775,2,0.24035,0.27283
776,2,0.31275,0.24467
777,2,0.29972,0.29124
778,2,0.28564,0.23915
779,2,0.30163,0.21705
780,2,0.19691,0.23626
781,2,0.26379,0.22335
782,2,0.25075,0.19689
783,2,0.2427,0.21803
784,2,0.17492,0.19777
785,2,0.29136,0.24591
786,2,0.24736,0.23179
787,2,0.2396,0.21328
788,2,0.24295,0.26918
789,2,0.17695,0.23033
790,2,0.29052,0.24545
791,2,0.22676,0.22753
792,2,0.20657,0.2386
793,2,0.24193,0.23227
794,2,0.31069,0.21745
795,2,0.27536,0.21664
796,2,0.27274,0.26894
797,2,0.31848,0.27961
798,2,0.18805,0.1915
799,2,0.28037,0.22947
800,2,0.24718,0.24624
801,2,0.28472,0.20729
802,2,0.23793,0.24233
803,2,0.28707,0.18013
804,2,0.24506,0.20763
805,2,0.24543,0.2826
806,2,0.28441,0.17209
807,2,0.2276,0.21437
808,2,0.21917,0.23854
809,2,0.23722,0.24689
810,2,0.26078,0.24786
811,2,0.23394,0.21048
812,2,0.23177,0.20643
813,2,0.26393,0.19341
814,2,0.27548,0.25249
815,2,0.27699,0.20421
816,2,0.26636,0.22898
817,2,0.21839,0.19939
818,2,0.24637,0.25889
819,2,0.24564,0.16483
820,2,0.22204,0.2046
821,2,0.24493,0.19441
822,2,0.29537,0.2555
823,2,0.26365,0.23779
824,2,0.26621,0.27031
825,2,0.21683,0.24316
826,2,0.26582,0.23808
827,2,0.2295,0.25514
828,2,0.2473,0.19211
829,2,0.27827,0.2364
830,2,0.22259,0.24578
831,2,0.33826,0.24453
832,2,0.24018,0.2174
833,2,0.21626,0.18882
834,2,0.29524,0.2185
835,2,0.28973,0.19182
836,2,0.21447,0.25125
837,2,0.24252,0.23223
838,2,0.285,0.28051
839,2,0.26178,0.17509
840,2,0.24851,0.18748
841,2,0.27096,0.25937
842,2,0.28656,0.17475
843,2,0.28414,0.19414
844,2,0.23043,0.23701
845,2,0.24971,0.21878
846,2,0.17544,0.25431
847,2,0.21493,0.18196
848,2,0.19167,0.20209
849,2,0.24521,0.24169
850,2,0.25054,0.15913
851,2,0.24213,0.28026
852,2,0.24702,0.21758
853,2,0.27264,0.24957
854,2,0.22098,0.22277
855,2,0.24864,0.26642
856,2,0.26064,0.27655
857,2,0.20053,0.19651
858,2,0.24566,0.23653
859,2,0.28645,0.24403
860,2,0.2543,0.23122
861,2,0.22368,0.20106
862,2,0.26378,0.21745
863,2,0.27109,0.25767
864,2,0.29273,0.16001
865,2,0.27171,0.25553
866,2,0.23205,0.19189
867,2,0.26981,0.24949
868,2,0.25354,0.25839
869,2,0.28573,0.27359
870,2,0.29241,0.2318
871,2,0.2462,0.28047
872,2,0.26538,0.24305
873,2,0.22463,0.17834
874,2,0.20079,0.24385
875,2,0.27044,0.22054
876,2,0.3074,0.26185
877,2,0.26389,0.20519
878,2,0.19108,0.19543
879,2,0.2642,0.2041
880,2,0.20836,0.22071
881,2,0.15124,0.29941
882,2,0.26246,0.2422
883,2,0.27159,0.23011
884,2,0.29422,0.17115
885,2,0.29075,0.18989
886,2,0.27342,0.27122
887,2,0.25705,0.22135
888,2,0.23252,0.22457
889,2,0.32756,0.18908
890,2,0.22253,0.20405
891,2,0.20181,0.25558
892,2,0.27374,0.23524
893,2,0.25475,0.21596
894,2,0.26463,0.30084
895,2,0.22284,0.21881
896,2,0.22334,0.21408
897,2,0.26312,0.27133
898,2,0.23805,0.23753
899,2,0.26355,0.24227
900,2,0.26637,0.23675
901,2,0.23136,0.24527
902,2,0.29583,0.20172
903,2,0.23364,0.23527
904,2,0.22076,0.21616
905,2,0.23644,0.1857
906,2,0.17822,0.26529
907,2,0.23606,0.22767
908,2,0.24783,0.25725
909,2,0.24754,0.19358
910,2,0.30477,0.26773
911,2,0.19312,0.28032
912,2,0.25686,0.18451
913,2,0.22615,0.189
914,2,0.22203,0.23128
915,2,0.25579,0.2293
916,2,0.25694,0.21075
917,2,0.21751,0.17833
918,2,0.23695,0.26576
919,2,0.29012,0.23219
920,2,0.25981,0.18389
921,2,0.21284,0.23418
922,2,0.22717,0.23808
923,2,0.28137,0.2498
924,2,0.29606,0.24133
925,2,0.27624,0.19733
926,2,0.21555,0.21895
927,2,0.31676,0.18744
928,2,0.29832,0.25536
929,2,0.27771,0.19045
930,2,0.2511,0.21928
931,2,0.2107,0.19603
932,2,0.24604,0.17791
933,2,0.2636,0.21008
934,2,0.21749,0.18784
935,2,0.29629,0.1638
936,2,0.22708,0.26342
937,2,0.2544,0.26103
938,2,0.2372,0.20355
939,2,0.17143,0.20722
940,2,0.22933,0.21414
941,2,0.27787,0.24486
942,2,0.22613,0.29589
943,2,0.28501,0.23965
944,2,0.25677,0.20687
945,2,0.22394,0.26517
946,2,0.21459,0.261
947,2,0.20528,0.23407
948,2,0.21825,0.2359
949,2,0.27849,0.24789
950,2,0.18535,0.20648
951,2,0.25968,0.19898
952,2,0.23762,0.22813
953,2,0.27558,0.18605
954,2,0.24607,0.2727
955,2,0.23762,0.31708
956,2,0.25884,0.26939
957,2,0.24152,0.2643
958,2,0.23076,0.18477
959,2,0.27041,0.19715
960,2,0.26452,0.2069
961,2,0.22361,0.186
962,2,0.20339,0.24188
963,2,0.26507,0.2539
964,2,0.24039,0.23238
965,2,0.30271,0.30001
966,2,0.25031,0.25051
967,2,0.293,0.22127
968,2,0.22787,0.25056
969,2,0.29184,0.2574
970,2,0.2901,0.20699
971,2,0.29946,0.20176
972,2,0.2577,0.24465
973,2,0.20785,0.20347
974,2,0.26563,0.22342
975,2,0.22931,0.2598
976,2,0.234,0.23269
977,2,0.24992,0.24482
978,2,0.30456,0.2457
979,2,0.24325,0.26287
980,2,0.23492,0.2378
981,2,0.20982,0.20193
982,2,0.28955,0.12271
983,2,0.2204,0.175
984,2,0.21711,0.26324
985,2,0.24881,0.23988
986,2,0.25792,0.18222
987,2,0.26316,0.26444
988,2,0.19175,0.25549
989,2,0.25109,0.22018
990,2,0.22757,0.26941
991,2,0.28395,0.24164
992,2,0.22722,0.27154
993,2,0.24246,0.24619
994,2,0.241,0.21467
995,2,0.26449,0.19769
996,2,0.23723,0.23039
997,2,0.19428,0.22532
998,2,0.22717,0.25004
999,2,0.24132,0.22933
1000,2,0.2584,0.19628
1001,4,0.44011,0.61275
1002,4,0.64292,0.48353
1003,4,0.76447,0.58071
1004,4,0.68594,0.41846
1005,4,0.42208,0.52393
1006,4,0.72145,0.29996
1007,4,0.68484,0.39885
1008,4,0.73681,0.39013
1009,4,0.61993,0.60685
1010,4,0.39127,0.35399
1011,4,0.81045,0.52732
1012,4,0.53874,0.51809
1013,4,0.76811,0.69741
1014,4,0.64376,0.49986
1015,4,0.45422,0.69877
1016,4,0.94615,0.41961
1017,4,0.47452,0.65394
1018,4,0.80258,0.40546
1019,4,0.76087,0.72243
1020,4,0.42648,0.47256
1021,4,0.59366,0.4282
1022,4,0.48979,0.38105
1023,4,0.70096,0.58502
1024,4,0.63577,0.55348
1025,4,0.48623,0.43987
1026,4,0.60722,0.67856
1027,4,0.42625,0.37026
1028,4,0.33224,0.79709
1029,4,0.90253,0.46886
1030,4,0.39757,0.42172
1031,4,0.78726,0.59265
1032,4,0.68357,0.64921
1033,4,0.45229,0.6399
1034,4,0.35822,0.3497
1035,4,0.26944,0.53943
1036,4,0.8395,0.70852
1037,4,0.74778,0.54599
1038,4,0.63787,0.60359
1039,4,0.55441,0.73649
1040,4,0.62881,0.46693
1041,4,0.58611,0.46135
1042,4,0.63025,0.37173
1043,4,0.65771,0.63221
1044,4,0.63004,0.52014
1045,4,0.7143,0.60833
1046,4,0.25358,0.71324
1047,4,0.56964,0.77802
1048,4,0.49319,0.42727
1049,4,0.6184,0.60138
1050,4,0.55058,0.42559
1051,4,0.48113,0.48646
1052,4,0.54724,0.45968
1053,4,0.51841,0.42524
1054,4,0.59974,0.62602
1055,4,0.4125,0.84833
1056,4,0.44719,0.61438
1057,4,0.59899,0.35019
1058,4,0.31197,0.46997
1059,4,0.71213,0.5792
1060,4,0.59889,0.82461
1061,4,0.65479,0.50799
1062,4,0.41888,0.56602
1063,4,0.57681,0.38227
1064,4,0.49598,0.69646
1065,4,0.75313,0.46796
1066,4,0.59567,0.49707
1067,4,0.8709,0.63536
1068,4,0.73414,1
1069,4,0.87899,0.56149
1070,4,0.62195,0.70192
1071,4,0.40763,0.37351
1072,4,0.45586,0.50435
1073,4,0.68743,0.75128
1074,4,0.33566,0.57728
1075,4,0.56912,0.61652
1076,4,0.39328,0.54114
1077,4,0.67274,0.45395
1078,4,0.46001,0.50308
1079,4,0.53537,0.42133
1080,4,0.39638,0.42208
1081,4,0.61519,0.65981
1082,4,0.70209,0.63582
1083,4,0.46456,0.68112
1084,4,0.44736,0.60243
1085,4,0.72978,0.43
1086,4,0.70811,0.50906
1087,4,0.65571,0.4271
1088,4,0.51462,0.59311
1089,4,0.53736,0.48829
1090,4,0.44268,0.61426
1091,4,0.70213,0.5001
1092,4,0.52186,0.6708
1093,4,0.37726,0.69999
1094,4,0.58455,0.30442
1095,4,0.18997,0.30595
1096,4,0.64414,0.50919
1097,4,0.77224,0.75819
1098,4,0.5523,0.37192
1099,4,0.85694,0.71028
1100,4,0.79374,0.48756
1101,4,0.42548,0.50065
1102,4,0.6207,0.73753
1103,4,0.59846,0.72883
1104,4,0.67811,0.59301
1105,4,0.58684,0.51665
1106,4,0.86388,0.32751
1107,4,0.64354,0.55552
1108,4,0.51706,0.67845
1109,4,0.81283,0.66869
1110,4,0.56896,0.36297
1111,4,0.70181,0.69205
1112,4,0.45351,0.61729
1113,4,0.7543,0.36342
1114,4,0.76461,0.4097
1115,4,0.56383,0.79536
1116,4,0.54578,0.43327
1117,4,0.53023,0.7069
1118,4,0.50932,0.53355
1119,4,0.70522,0.72364
1120,4,0.72843,0.54957
1121,4,0.76061,0.71438
1122,4,0.42361,0.51686
1123,4,0.60895,0.56676
1124,4,0.55994,0.3821
1125,4,0.66624,0.42541
1126,4,0.87819,0.71022
1127,4,0.60738,0.61692
1128,4,0.7437,0.73035
1129,4,0.71029,0.57871
1130,4,0.51494,0.52374
1131,4,0.72466,0.31861
1132,4,0.61538,0.47343
1133,4,0.47108,0.36179
1134,4,0.37628,0.72108
1135,4,0.552,0.51368
1136,4,0.41172,0.67357
1137,4,0.89157,0.42801
1138,4,0.75347,0.75881
1139,4,0.49626,0.71473
1140,4,0.53828,0.42783
1141,4,0.37177,0.74011
1142,4,0.40968,0.5092
1143,4,0.33479,0.57021
1144,4,0.64838,0.6245
1145,4,0.51621,0.43652
1146,4,0.41002,0.27442
1147,4,0.79676,0.46891
1148,4,0.63614,0.56263
1149,4,0.62907,0.61746
1150,4,0.5589,0.70055
1151,4,0.36769,0.58376
1152,4,0.64385,0.30704
1153,4,0.61545,0.66058
1154,4,0.52153,0.55567
1155,4,0.54734,0.55957
1156,4,0.33594,0.6786
1157,4,0.35631,0.47149
1158,4,0.51527,0.70293
1159,4,0.4195,0.43953
1160,4,0.66114,0.44268
1161,4,0.96035,0.25747
1162,4,0.62283,0.42749
1163,4,0.62408,0.59119
1164,4,0.66211,0.39555
1165,4,0.5918,0.72598
1166,4,0.67538,0.3796
1167,4,0.83457,0.42928
1168,4,0.8363,0.44744
1169,4,0.51338,0.42947
1170,4,0.60991,0.65696
1171,4,0.44085,0.53784
1172,4,0.6985,0.55261
1173,4,0.56695,0.52578
1174,4,0.47357,0.67536
1175,4,0.37819,0.70106
1176,4,0.53261,0.46459
1177,4,0.62883,0.53031
1178,4,0.62763,0.60286
1179,4,0.85662,0.79045
1180,4,0.5597,0.44392
1181,4,0.69232,0.53659
1182,4,0.62658,0.36531
1183,4,0.60027,0.4517
1184,4,0.32464,0.33342
1185,4,0.6994,0.4777
1186,4,0.63139,0.40655
1187,4,0.66404,0.6276
1188,4,0.56269,0.89442
1189,4,0.75901,0.49954
1190,4,0.6605,0.56173
1191,4,0.39214,0.54164
1192,4,0.68648,0.58365
1193,4,0.38678,0.44101
1194,4,0.45498,0.48152
1195,4,0.4944,0.62733
1196,4,0.67422,0.29266
1197,4,0.10316,0.27224
1198,4,0.48363,0.51473
1199,4,0.66662,0.49775
1200,4,0.68036,0.27416
1201,4,0.54915,0.60777
1202,4,0.54159,0.68073
1203,4,0.44069,0.65376
1204,4,0.60636,0.49847
1205,4,0.45504,0.68297
1206,4,0.35768,0.49222
1207,4,0.47062,0.51709
1208,4,0.68431,0.67864
1209,4,0.62572,0.68095
1210,4,0.78492,0.48403
1211,4,0.53644,0.61101
1212,4,0.54032,0.6938
1213,4,0.42596,0.59829
1214,4,0.52422,0.74058
1215,4,0.49121,0.40588
1216,4,0.3161,0.50219
1217,4,0.62114,0.50336
1218,4,0.53555,0.64237
1219,4,0.57988,0.65953
1220,4,0.49911,0.68109
1221,4,0.69007,0.40867
1222,4,0.23836,0.45739
1223,4,0.66446,0.44413
1224,4,0.51961,0.73953
1225,4,0.49699,0.50414
1226,4,0.52314,0.32214
1227,4,0.34837,0.56285
1228,4,0.61511,0.62095
1229,4,0.51903,0.39103
1230,4,0.50283,0.41362
1231,4,0.87402,0.47092
1232,4,0.54822,0.33659
1233,4,0.55217,0.35918
1234,4,0.86689,0.64364
1235,4,0.49968,0.50621
1236,4,0.66076,0.53158
1237,4,0.74934,0.38483
1238,4,0.77918,0.53738
1239,4,0.41601,0.54753
1240,4,0.38354,0.35741
1241,4,0.52691,0.58906
1242,4,0.61026,0.31635
1243,4,0.44765,0.57403
1244,4,0.53005,0.3756
1245,4,0.61671,0.57831
1246,4,0.42707,0.56311
1247,4,0.61836,0.51017
1248,4,0.69944,0.6611
1249,4,0.80779,0.53444
1250,4,0.41037,0.64589
1251,4,0.47269,0.53049
1252,4,0.36167,0.52649
1253,4,0.6683,0.61994
1254,4,0.67014,0.64393
1255,4,0.57709,0.72504
1256,4,0.61543,0.63921
1257,4,0.65753,0.33822
1258,4,0.60047,0.43536
1259,4,0.62986,0.7322
1260,4,0.70736,0.4943
1261,4,0.64619,0.68938
1262,4,0.73951,0.80775
1263,4,0.41786,0.44068
1264,4,0.83409,0.46284
1265,4,0.47928,0.5694
1266,4,0.42069,0.40861
1267,4,0.75488,0.54523
1268,4,0.60023,0.47689
1269,4,0.35948,0.58386
1270,4,0.42871,0.64078
1271,4,0.58489,0.59986
1272,4,0.45312,0.69551
1273,4,0.57678,0.58466
1274,4,0.68643,0.74133
1275,4,0.48535,0.55616
1276,4,0.47697,0.64622
1277,4,0.61147,0.64316
1278,4,0.51216,0.64896
1279,4,0.58281,0.44449
1280,4,0.4634,0.39382
1281,4,0.60142,0.65758
1282,4,0.67798,0.45403
1283,4,0.78898,0.55436
1284,4,0.44719,0.50439
1285,4,0.58626,0.51484
1286,4,0.3129,0.74134
1287,4,0.73133,0.49741
1288,4,0.34613,0.50314
1289,4,0.43604,0.44427
1290,4,0.67422,0.56989
1291,4,0.64701,0.59348
1292,4,0.64336,0.54823
1293,4,0.63341,0.39198
1294,4,0.50824,0.46694
1295,4,0.89385,0.81585
1296,4,0.51455,0.4836
1297,4,0.63076,0.51277
1298,4,0.66521,0.44874
1299,4,0.58927,0.73498
1300,4,0.78273,0.41587
1301,4,0.34881,0.67916
1302,4,0.53904,0.39657
1303,4,0.60588,0.37876
1304,4,0.70331,0.5265
1305,4,0.46159,0.60039
1306,4,0.63865,0.5671
1307,4,0.30709,0.45222
1308,4,0.71459,0.44037
1309,4,0.67129,0.53676
1310,4,0.20499,0.54821
1311,4,0.69914,0.54381
1312,4,0.53152,0.48594
1313,4,0.7141,0.47196
1314,4,0.67603,0.42121
1315,4,0.58993,0.43176
1316,4,0.55613,0.30568
1317,4,0.44282,0.65034
1318,4,0.54138,0.35943
1319,4,0.56804,0.53008
1320,4,0.33203,0.62757
1321,4,0.47586,0.29797
1322,4,0.52975,0.70077
1323,4,0.46281,0.51051
1324,4,0.39537,0.53303
1325,4,0.76931,0.57174
1326,4,0.64793,0.42864
1327,4,0.66357,0.47721
1328,4,0.51114,0.57302
1329,4,0.38867,0.52528
1330,4,0.43308,0.70558
1331,4,0.60248,0.4001
1332,4,0.50704,0.53585
1333,4,0.80444,0.76844
1334,4,0.68579,0.36802
1335,4,0.76591,0.56513
1336,4,0.63742,0.60625
1337,4,0.63238,0.58703
1338,4,0.48323,0.62353
1339,4,0.61348,0.51304
1340,4,0.64134,0.65567
1341,4,0.59886,0.65758
1342,4,0.57513,0.47044
1343,4,0.30399,0.5929
1344,4,0.59626,0.59522
1345,4,0.57212,0.34538
1346,4,0.53899,0.44212
1347,4,0.87694,0.39331
1348,4,0.46226,0.41852
1349,4,0.75285,0.43371
1350,4,0.57469,0.85295
1351,4,0.65009,0.24139
1352,4,0.65486,0.66736
1353,4,0.67088,0.57506
1354,4,0.74539,0.44344
1355,4,0.75223,0.70865
1356,4,0.53312,0.43402
1357,4,0.65451,0.43237
1358,4,0.51034,0.46739
1359,4,0.5392,0.58639
1360,4,0.50988,0.32401
1361,4,0.54852,0.64592
1362,4,0.5452,0.63247
1363,4,0.47064,0.49061
1364,4,0.65787,0.41845
1365,4,0.40558,0.59429
1366,4,0.87611,0.62718
1367,4,0.53104,0.48071
1368,4,0.52451,0.47369
1369,4,0.36817,0.54493
1370,4,0.711,0.53899
1371,4,0.80621,0.7837
1372,4,0.54035,0.37717
1373,4,0.53344,0.51338
1374,4,0.59488,0.58389
1375,4,0.62301,0.5962
1376,4,0.64396,0.56485
1377,4,0.67693,0.53299
1378,4,0.43868,0.50627
1379,4,0.69057,0.47571
1380,4,0.58526,0.32054
1381,4,0.73768,0.55898
1382,4,0.9739,0.53782
1383,4,0.62243,0.41453
1384,4,0.45778,0.42899
1385,4,0.74598,0.57979
1386,4,0.49045,0.58112
1387,4,0.57139,0.38164
1388,4,0.42091,0.71004
1389,4,0.64798,0.5501
1390,4,0.43896,0.62509
1391,4,0.62757,0.71836
1392,4,0.33754,0.62028
1393,4,0.55132,0.60785
1394,4,0.75747,0.67099
1395,4,0.67853,0.43526
1396,4,0.65696,0.42547
1397,4,0.63794,0.53571
1398,4,0.34145,0.75439
1399,4,0.43619,0.49943
1400,4,0.50572,0.5503
1401,4,0.73892,0.41854
1402,4,0.58811,0.63973
1403,4,0.65464,0.66606
1404,4,0.29685,0.53554
1405,4,0.68078,0.39456
1406,4,0.52755,0.46075
1407,4,0.77234,0.75929
1408,4,0.58729,0.2712
1409,4,0.68937,0.77759
1410,4,0.54745,0.56401
1411,4,0.51289,0.38048
1412,4,0.47419,0.6518
1413,4,0.56629,0.61255
1414,4,0.61672,0.29938
1415,4,0.51189,0.39599
1416,4,0.81599,0.53039
1417,4,0.44463,0.31198
1418,4,0.78453,0.92347
1419,4,0.4784,0.57071
1420,4,0.8592,0.66759
1421,4,0.38017,0.43822
1422,4,0.75365,0.47495
1423,4,0.57616,0.46234
1424,4,0.7367,0.50184
1425,4,0.69286,0.59649
1426,4,0.57851,0.65248
1427,4,0.4181,0.50897
1428,4,0.76365,0.59431
1429,4,0.60022,0.34029
1430,4,0.43447,0.24186
1431,4,0.39441,0.42625
1432,4,0.47944,0.6462
1433,4,0.5604,0.3575
1434,4,0.47539,0.68703
1435,4,0.80825,0.80578
1436,4,0.62974,0.46013
1437,4,0.60718,0.6836
1438,4,0.41308,0.674
1439,4,0.52388,0.55299
1440,4,0.36989,0.67023
1441,4,0.38915,0.58358
1442,4,0.55558,0.41893
1443,4,0.53137,0.47014
1444,4,0.43642,0.51935
1445,4,0.65758,0.54348
1446,4,0.54488,0.5901
1447,4,0.58895,0.57175
1448,4,0.60533,0.62137
1449,4,0.63004,0.45311
1450,4,0.40594,0.47628
1451,4,0.51365,0.57823
1452,4,0.5543,0.71267
1453,4,0.83627,0.55254
1454,4,0.49319,0.59353
1455,4,0.62664,0.63442
1456,4,0.44303,0.45945
1457,4,0.69654,0.45993
1458,4,0.44319,0.64806
1459,4,0.55689,0.83093
1460,4,0.59059,0.56799
1461,4,0.47458,0.49664
1462,4,0.56093,0.45838
1463,4,0.36768,0.45789
1464,4,0.58231,0.33279
1465,4,0.51397,0.56936
1466,4,0.634,0.27679
1467,4,0.56801,0.65013
1468,4,0.63722,0.55383
1469,4,0.52467,0.54172
1470,4,0.30471,0.27535
1471,4,0.62631,0.7061
1472,4,0.59104,0.52818
1473,4,0.5307,0.49095
1474,4,0.75504,0.55903
1475,4,0.63955,0.48696
1476,4,0.78377,0.48384
1477,4,0.69296,0.65419
1478,4,1,0.64607
1479,4,0.5394,0.4175
1480,4,0.44418,0.57487
1481,4,0.54062,0.62688
1482,4,0.55202,0.33506
1483,4,0.79906,0.39327
1484,4,0.62236,0.48148
1485,4,0.59866,0.49319
1486,4,0.64186,0.38293
1487,4,0.56392,0.6045
1488,4,0.46664,0.67501
1489,4,0.43986,0.46723
1490,4,0.44106,0.66094
1491,4,0.7259,0.88024
1492,4,0.50636,0.45735
1493,4,0.70881,0.4263
1494,4,0.56125,0.76538
1495,4,0.5723,0.58066
1496,4,0.70965,0.49995
1497,4,0.47396,0.3565
1498,4,0.70297,0.33232
1499,4,0.52674,0.246
1500,4,0.33466,0.61272
1501,3,0.34177,0.38747
1502,3,0.36712,0.30752
1503,3,0.37855,0.32779
1504,3,0.37504,0.352
1505,3,0.37496,0.38305
1506,3,0.34362,0.32939
1507,3,0.32429,0.40673
1508,3,0.39346,0.37516
1509,3,0.38402,0.37047
1510,3,0.38336,0.40028
1511,3,0.3446,0.33703
1512,3,0.33999,0.3655
1513,3,0.32519,0.34473
1514,3,0.34161,0.34772
1515,3,0.37078,0.35852
1516,3,0.36009,0.34487
1517,3,0.41464,0.33854
1518,3,0.42338,0.35266
1519,3,0.42304,0.3608
1520,3,0.33117,0.36914
1521,3,0.35316,0.38253
1522,3,0.35524,0.32456
1523,3,0.31145,0.38178
1524,3,0.29612,0.33894
1525,3,0.33896,0.31394
1526,3,0.35539,0.38683
1527,3,0.32007,0.35256
1528,3,0.32441,0.36424
1529,3,0.33025,0.37938
1530,3,0.34979,0.38196
1531,3,0.32011,0.31782
1532,3,0.33323,0.33228
1533,3,0.34373,0.37567
1534,3,0.35843,0.28925
1535,3,0.32297,0.34191
1536,3,0.32737,0.32335
1537,3,0.35503,0.34269
1538,3,0.32556,0.33161
1539,3,0.31513,0.35943
1540,3,0.36314,0.33199
1541,3,0.32514,0.35798
1542,3,0.28252,0.39287
1543,3,0.43032,0.42575
1544,3,0.38231,0.34531
1545,3,0.33806,0.35898
1546,3,0.36613,0.34335
1547,3,0.31669,0.32454
1548,3,0.32049,0.28638
1549,3,0.38303,0.35752
1550,3,0.31811,0.34818
1551,3,0.37904,0.34886
1552,3,0.33633,0.34332
1553,3,0.33871,0.37419
1554,3,0.31267,0.31558
1555,3,0.32925,0.37181
1556,3,0.34319,0.36477
1557,3,0.35531,0.35693
1558,3,0.35227,0.4012
1559,3,0.31699,0.39478
1560,3,0.36119,0.34687
1561,3,0.36857,0.3776
1562,3,0.39646,0.31196
1563,3,0.34448,0.36376
1564,3,0.30149,0.40831
1565,3,0.37802,0.33589
1566,3,0.31911,0.32434
1567,3,0.33308,0.42253
1568,3,0.38247,0.33401
1569,3,0.33816,0.32609
1570,3,0.29312,0.33956
1571,3,0.39819,0.36414
1572,3,0.3321,0.29014
1573,3,0.3471,0.32243
1574,3,0.38248,0.37955
1575,3,0.40623,0.356
1576,3,0.34184,0.32571
1577,3,0.37607,0.3148
1578,3,0.34719,0.38569
1579,3,0.33694,0.32894
1580,3,0.37398,0.32536
1581,3,0.37003,0.36728
1582,3,0.33873,0.31754
1583,3,0.38563,0.35283
1584,3,0.33948,0.38374
1585,3,0.37707,0.40967
1586,3,0.34219,0.32481
1587,3,0.33846,0.36017
1588,3,0.39411,0.36572
1589,3,0.34547,0.38305
1590,3,0.32442,0.34824
1591,3,0.34614,0.31273
1592,3,0.31028,0.34776
1593,3,0.40224,0.29415
1594,3,0.38898,0.29136
1595,3,0.33603,0.34445
1596,3,0.30313,0.27882
1597,3,0.32307,0.3742
1598,3,0.34514,0.32153
1599,3,0.43768,0.32977
1600,3,0.28783,0.38423
1601,3,0.27978,0.32522
1602,3,0.33839,0.31044
1603,3,0.33653,0.38302
1604,3,0.33905,0.29875
1605,3,0.33461,0.415
1606,3,0.39235,0.36875
1607,3,0.32268,0.36828
1608,3,0.35666,0.35271
1609,3,0.31554,0.33621
1610,3,0.32459,0.38421
1611,3,0.32344,0.37053
1612,3,0.3367,0.37893
1613,3,0.34113,0.35762
1614,3,0.33738,0.33307
1615,3,0.38423,0.41396
1616,3,0.30272,0.29588
1617,3,0.30947,0.37134
1618,3,0.40375,0.40727
1619,3,0.4034,0.32575
1620,3,0.3694,0.32565
1621,3,0.36998,0.3464
1622,3,0.36362,0.37481
1623,3,0.3606,0.34058
1624,3,0.35994,0.3276
1625,3,0.32724,0.37274
1626,3,0.33986,0.33324
1627,3,0.32218,0.33041
1628,3,0.32549,0.33739
1629,3,0.40851,0.32798
1630,3,0.35826,0.31524
1631,3,0.31701,0.36206
1632,3,0.35538,0.39493
1633,3,0.36685,0.345
1634,3,0.37757,0.38309
1635,3,0.36782,0.32851
1636,3,0.34142,0.38184
1637,3,0.34701,0.38395
1638,3,0.31866,0.34177
1639,3,0.34968,0.34821
1640,3,0.33898,0.33935
1641,3,0.41044,0.35334
1642,3,0.37032,0.33347
1643,3,0.33562,0.37531
1644,3,0.37746,0.34979
1645,3,0.40118,0.3405
1646,3,0.36496,0.3632
1647,3,0.37237,0.31744
1648,3,0.28603,0.3479
1649,3,0.33862,0.31733
1650,3,0.32544,0.36654
1651,3,0.31164,0.31536
1652,3,0.36096,0.37691
1653,3,0.40095,0.34078
1654,3,0.36183,0.3996
1655,3,0.34493,0.31511
1656,3,0.37319,0.34283
1657,3,0.34083,0.35218
1658,3,0.33245,0.36097
1659,3,0.35649,0.36289
1660,3,0.37834,0.36688
1661,3,0.37916,0.35174
1662,3,0.35454,0.35035
1663,3,0.30577,0.39984
1664,3,0.38593,0.33699
1665,3,0.36004,0.35298
1666,3,0.34594,0.32902
1667,3,0.36498,0.34899
1668,3,0.3467,0.28436
1669,3,0.33001,0.32905
1670,3,0.32113,0.34819
1671,3,0.32831,0.35042
1672,3,0.37023,0.37333
1673,3,0.31781,0.33085
1674,3,0.33421,0.32
1675,3,0.3242,0.32343
1676,3,0.35598,0.29562
1677,3,0.34363,0.34086
1678,3,0.35586,0.33437
1679,3,0.341,0.28952
1680,3,0.37458,0.31799
1681,3,0.33218,0.33434
1682,3,0.3349,0.31751
1683,3,0.35727,0.41998
1684,3,0.34573,0.39171
1685,3,0.36182,0.32999
1686,3,0.3382,0.31335
1687,3,0.37161,0.32554
1688,3,0.31847,0.39972
1689,3,0.34953,0.37737
1690,3,0.318,0.42595
1691,3,0.36437,0.35448
1692,3,0.33435,0.38388
1693,3,0.30692,0.29408
1694,3,0.34115,0.37227
1695,3,0.33899,0.36962
1696,3,0.37826,0.37451
1697,3,0.36481,0.33027
1698,3,0.3273,0.33199
1699,3,0.31521,0.36543
1700,3,0.36196,0.28326
1701,3,0.3548,0.32619
1702,3,0.36984,0.37957
1703,3,0.38921,0.35494
1704,3,0.34614,0.35642
1705,3,0.39499,0.33716
1706,3,0.30699,0.34052
1707,3,0.40461,0.28572
1708,3,0.33416,0.2203
1709,3,0.34271,0.38574
1710,3,0.42636,0.36291
1711,3,0.39541,0.29404
1712,3,0.35851,0.33101
1713,3,0.30359,0.33132
1714,3,0.41109,0.33091
1715,3,0.37762,0.35644
1716,3,0.35381,0.34182
1717,3,0.37104,0.43005
1718,3,0.37097,0.36176
1719,3,0.37271,0.38695
1720,3,0.35105,0.34917
1721,3,0.36329,0.39139
1722,3,0.40847,0.34343
1723,3,0.31097,0.31046
1724,3,0.35013,0.31577
1725,3,0.37269,0.35881
1726,3,0.33933,0.36533
1727,3,0.37142,0.33706
1728,3,0.38807,0.31965
1729,3,0.32019,0.34852
1730,3,0.32313,0.3771
1731,3,0.35077,0.26624
1732,3,0.34956,0.34106
1733,3,0.32896,0.36841
1734,3,0.34128,0.41893
1735,3,0.31597,0.31513
1736,3,0.34322,0.38009
1737,3,0.29496,0.42781
1738,3,0.36156,0.30513
1739,3,0.36503,0.3485
1740,3,0.34272,0.40814
1741,3,0.37586,0.3405
1742,3,0.37427,0.36298
1743,3,0.36049,0.35903
1744,3,0.39206,0.39361
1745,3,0.39254,0.33172
1746,3,0.33169,0.38165
1747,3,0.35222,0.33667
1748,3,0.3746,0.30384
1749,3,0.36268,0.41452
1750,3,0.35681,0.3595
1751,3,0.34662,0.37619
1752,3,0.37871,0.36414
1753,3,0.36715,0.3381
1754,3,0.3596,0.3665
1755,3,0.33641,0.37514
1756,3,0.35812,0.33868
1757,3,0.35493,0.32116
1758,3,0.33424,0.35233
1759,3,0.3478,0.34043
1760,3,0.32401,0.3756
1761,3,0.35223,0.32743
1762,3,0.4021,0.3534
1763,3,0.33769,0.32335
1764,3,0.34786,0.31957
1765,3,0.34366,0.30081
1766,3,0.34608,0.34573
1767,3,0.35854,0.36317
1768,3,0.3322,0.38223
1769,3,0.37523,0.32736
1770,3,0.35624,0.36394
1771,3,0.33459,0.31228
1772,3,0.35841,0.33431
1773,3,0.3693,0.33921
1774,3,0.33556,0.36091
1775,3,0.3186,0.34249
1776,3,0.28704,0.33967
1777,3,0.31122,0.3662
1778,3,0.38991,0.37869
1779,3,0.33174,0.35149
1780,3,0.34368,0.33297
1781,3,0.34415,0.34527
1782,3,0.38552,0.38308
1783,3,0.3888,0.31331
1784,3,0.31125,0.35339
1785,3,0.34891,0.34901
1786,3,0.3133,0.38644
1787,3,0.34579,0.35955
1788,3,0.33168,0.3834
1789,3,0.4237,0.34397
1790,3,0.35539,0.35742
1791,3,0.31108,0.35836
1792,3,0.29495,0.4412
1793,3,0.31449,0.29937
1794,3,0.37349,0.29955
1795,3,0.32096,0.31673
1796,3,0.40479,0.35834
1797,3,0.37121,0.36793
1798,3,0.33216,0.34786
1799,3,0.35136,0.37073
1800,3,0.34923,0.32345
